system,system_label,gene,chromosome,strand,isbt_system_code,hgvs,phenotype,allele_background,region,variant_id,alternative_notation,variant_category,mutation_type,grch38_coordinate,dbsnp_rs,reference_allele,alternate_allele,isbt_allele_designation,molecular_mechanism,validation_level,validation_cell_line,population,gnomad_v4_af_global,gnomad_v4_af_afr,gnomad_v4_af_eur,topmed_af,be4max_feasibility,abe8e_feasibility,be_guide_sequence_notes,bystander_edits,first_report_year,key_reference,pubmed_source_url,audit_status,gnomad_url
ABO,ABO,ABO,chr9,minus,001,c.-35_-18del,"B3 (weak B, mixed-field)",B.01,Proximal promoter (-35 to -18),ABO-NC-001,18-bp deletion (GGCGGAAGGCGGAGGCCG),Promoter,Small Deletion,"chr9:133,275,211_133,275,228del",Novel,GGCGGAAGGCGGAGGCCG,del,,Reduces promoter activity >50% in luciferase reporter assay (Cai 2013); disrupts Sp1/Sp1-like binding region from -22 to +14; first evidence of ABO promoter abnormality causing weak ABO expression.,Cell culture/in vitro,HEK293T (Cai 2013); confirmed serologically in multiple studies,Asian (Chinese/Japanese/Korean),0.000060,N/A,N/A,N/A,N/A,N/A,Deletion: base editing not applicable,N/A,2013,"Cai 2013, Transfusion; Shao 2024, Ann Lab Med",https://pubmed.ncbi.nlm.nih.gov/23521133/,CORRECTED: URL fixed,https://gnomad.broadinstitute.org/variant/9-133275211-GGCGGAAGGCGGAGGCCG-DEL?dataset=gnomad_r4
ABO,ABO,ABO,chr9,minus,001,c.-119C>T,Weak B,A1.02,Remote promoter,ABO-NC-002,,Promoter,SNV,N/A,Novel,C,T,,Located in remote promoter region; likely reduces promoter activity. Functional significance not yet independently confirmed.,Serological + molecular,None (serological + PacBio sequencing only),Chinese,N/A,N/A,N/A,N/A,MEDIUM,NOT FEASIBLE,c.-119C>T: minus-strand guide needed; C→T on transcript (G→A on + strand); BE4max (CBE) feasible. No published guide.,Dependent on local sequence context; guide design needed,2025,"Ying 2025, Clin Chem",https://academic.oup.com/clinchem/article/71/4/510/8058681,VERIFIED,
ABO,ABO,ABO,chr9,minus,001,c.-98G>A,B3 or Bweak,B.01,Proximal promoter (SP1 site),ABO-NC-003,c.-98G>C also reported,Promoter,SNV,N/A,Novel,G,A (or C),,"Disrupts SP1 binding site in proximal promoter, reducing transcriptional activity.",Cell culture/in vitro,KATOIII (gastric carcinoma; Seltsam 2007),European,N/A,N/A,N/A,N/A,MEDIUM,NOT FEASIBLE,c.-98G>A: minus-strand guide; G→A on transcript (C→T on + strand); BE4max (CBE) feasible. c.-98G>C is NOT FEASIBLE (transversion). No published guide.,Check local sequence; c.-98G>A only,2007,"Seltsam 2007, Transfusion",https://pubmed.ncbi.nlm.nih.gov/17764507/,FLAGGED: manual review,
ABO,ABO,ABO,chr9,minus,001,c.-77C>G,"A3, B3",Multiple,Proximal promoter (SP1 flanking),ABO-NC-004,,Promoter,SNV,"~chr9:133,275,266",Novel,C,G,,Reduces ABO promoter activity in luciferase reporter assay; affects region flanking the SP1 binding site.,Cell culture/in vitro,"K562 (erythroleukaemia; Isa 2016, Vox Sang)",Japanese,N/A,N/A,N/A,N/A,NOT FEASIBLE,NOT FEASIBLE,c.-77C>G: C→G transversion; not achievable by CBE or ABE,N/A,2014,"Takahashi 2014, Vox Sang; Isa 2016, Vox Sang",https://pubmed.ncbi.nlm.nih.gov/26529276/,CORRECTED: URL fixed,
ABO,ABO,ABO,chr9,minus,001,c.-76G>C,"A3, B3",Multiple,Proximal promoter (SP1 flanking),ABO-NC-005,,Promoter,SNV,"~chr9:133,275,267",Novel,G,C,,Reduces ABO promoter activity in luciferase reporter assay.,Cell culture/in vitro,"K562 (erythroleukaemia; Isa 2016, Vox Sang)",Japanese,N/A,N/A,N/A,N/A,NOT FEASIBLE,NOT FEASIBLE,c.-76G>C: G→C transversion; not achievable by CBE or ABE,N/A,2014,"Takahashi 2014, Vox Sang; Isa 2016, Vox Sang",https://pubmed.ncbi.nlm.nih.gov/26529276/,CORRECTED: URL fixed,
ABO,ABO,ABO,chr9,minus,001,c.-72G>A,"A3B, B3 (mixed-field)",A (A3.10) / B (B3.12),Proximal promoter (KLF7 element),ABO-NC-006,,Promoter,SNV,N/A,Novel,G,A,,Reduces ABO promoter activity by ~70% in luciferase reporter (AGS); near KLF7 transcription factor binding site.,Cell culture/in vitro,AGS (gastric adenocarcinoma; Hellberg 2019; Xiang 2023),Chinese,N/A,N/A,N/A,N/A,MEDIUM,NOT FEASIBLE,c.-72G>A: G→A on minus strand (C→T on + strand); BE4max (CBE) feasible. No published guide.,Check flanking Cs within BE4max window (~4–8 bp),2019,"Hellberg 2019, Transfusion; Xiang 2023, Blood Transfusion",https://doi.org/10.1111/trf.15457,CORRECTED: URL fixed,
ABO,ABO,ABO,chr9,minus,001,c.-68G>T,"B3, A3",Multiple,Proximal promoter (-77 to -68 cluster),ABO-NC-007,,Promoter,SNV,"~chr9:133,275,271",Novel,G,T,,Reduces ABO promoter activity; located in functionally critical -77 to -68 promoter segment.,Cell culture/in vitro,"K562 (erythroleukaemia; Isa 2016, Vox Sang)",Japanese,N/A,N/A,N/A,N/A,NOT FEASIBLE,NOT FEASIBLE,c.-68G>T: G→T transversion; not achievable by CBE or ABE,N/A,2014,"Takahashi 2014, Vox Sang; Isa 2016, Vox Sang",https://pubmed.ncbi.nlm.nih.gov/26529276/,CORRECTED: URL fixed,
ABO,ABO,ABO,chr9,minus,001,c.-35C>T,Weak B,B.01,TATA-proximal region,ABO-NC-008,,Promoter,SNV,N/A,Novel,C,T,,TATA-proximal substitution reduces transcription initiation efficiency.,Serological + molecular,None (serological + sequencing only),Multi-ethnic,N/A,N/A,N/A,N/A,MEDIUM,NOT FEASIBLE,c.-35C>T: C→T on minus strand (G→A on + strand); BE4max (CBE) feasible. No published guide.,Local context guide design needed,2013,"Cai 2013, Transfusion",https://pubmed.ncbi.nlm.nih.gov/23521133/,FLAGGED: manual review,
ABO,ABO,ABO,chr9,minus,001,c.-2287A>G,B3 (when cis-linked with c.155+5G>A),B.01 type 2 / B3.03,"Distal 5' UTR (~2,287 bp upstream of ATG)",ABO-NC-009,Distal 5' UTR variant,5'UTR/Enhancer,SNV,N/A,N/A,A,G,,"Linked in cis with c.155+5G>A in B3.03 alleles; epistatic effect. Alone, likely neutral marker of B.01 type 2 haplotype.",Serological + molecular,None (serological + PacBio sequencing only),Chinese,N/A,N/A,N/A,N/A,NOT FEASIBLE,MEDIUM,c.-2287A>G: A→G on minus strand (T→C on + strand); ABE8e feasible. Alone likely neutral (haplotype marker). No published guide.,Dependent on local sequence; guide design needed,2025,"Ying 2025, Clin Chem",https://academic.oup.com/clinchem/article/71/4/510/8058681,VERIFIED,
ABO,ABO,ABO,chr9,minus,001,CBF/NF-Y VNTR shortened motif,Bweak,B.01,CBF/NF-Y minisatellite (~-3.8 kb),ABO-NC-010,Truncated 43-bp repeats,5'UTR/Enhancer,VNTR,N/A,N/A,4x 43-bp repeats,Truncated repeats,,Truncated 43-bp repeat units on B allele background reduce CBF/NF-Y binding and transcriptional activation.,Serological + molecular,None (sequencing + serological),European,N/A,N/A,N/A,N/A,N/A,N/A,VNTR: base editing not applicable,N/A,2007,"Seltsam 2007, Transfusion",https://pubmed.ncbi.nlm.nih.gov/17764507/,VERIFIED,
ABO,ABO,ABO,chr9,minus,001,CBF/NF-Y SNV (12 bp upstream of 1st repeat),Bweak,B.01,CBF/NF-Y minisatellite (~-3.8 kb),ABO-NC-011,Single-base substitution near VNTR,5'UTR/Enhancer,SNV,N/A,N/A,N/A,SNV,,Single-base substitution 12 bp upstream of first 43-bp repeat disrupts CBF/NF-Y enhancer activity.,Serological + molecular,None (sequencing + serological),European,N/A,N/A,N/A,N/A,NOT ASSESSABLE,NOT ASSESSABLE,Exact nucleotide not published; cannot assess BE feasibility,N/A,2007,"Seltsam 2007, Transfusion",https://pubmed.ncbi.nlm.nih.gov/17764507/,VERIFIED,
ABO,ABO,ABO,chr9,minus,001,O2-B hybrid (3 of 4 repeats missing),Bweak,O2-B hybrid,CBF/NF-Y minisatellite (~-3.8 kb),ABO-NC-012,CBF/NF-Y hybrid allele,5'UTR/Enhancer,Large Structural Deletion,N/A,N/A,4 repeats,1 repeat (hybrid),,"Hybridization event between O2 and B allele reduces CBF/NF-Y repeat count from 4 to 1, diminishing enhancer-driven transcription. [AUDIT NOTE: Thuresson 2011 showed B transcript levels were normal despite repeat loss: proposed mechanism of reduced transcription may be incorrect]",Serological + molecular,None (sequencing + serological),European,N/A,N/A,N/A,N/A,N/A,N/A,Large structural deletion: base editing not applicable,N/A,2012,"Thuresson B et al., Vox Sang 2011;102(1):55-64 (PMID 21592135)",https://pubmed.ncbi.nlm.nih.gov/21592135/,CORRECTED: PMID 21348884 (unrelated soil-bacteria paper) → 21592135 (real Thuresson CBF/NF-Y hybrid-allele paper),
ABO,ABO,ABO,chr9,minus,001,c.28+1_2delGT,Aweak/Ael,A allele background,Intron 1 donor site (canonical GT),ABO-NC-013,IVS1+1_2delGT,Splice Site - Donor,Small Deletion,"chr9:136,150,576_77del",rs5442107549,GT,del,,Abolishes canonical GT splice donor (100% score reduction); activates cryptic donor sites at c.28+168 and c.28+267.,Serological + molecular,None (in silico + serological),Chinese,N/A,N/A,N/A,N/A,N/A,N/A,Deletion: base editing not applicable,N/A,2021,"Hong 2021, J Transl Med",https://pmc.ncbi.nlm.nih.gov/articles/PMC8607603/,VERIFIED,https://gnomad.broadinstitute.org/variant/rs5442107549?dataset=gnomad_r4
ABO,ABO,ABO,chr9,minus,001,c.28+5G>A,Bel (B background); Ael (A2.01 background),B.01 / A2.01,Intron 1 donor +5 position,ABO-NC-014,IVS1+5G>A,Splice Site - Donor,SNV,"chr9:136,150,573",rs5442107547,G,A,,14-71% reduction in splice scores; activates cryptic donor ~167 bp downstream inserting 167 bp intronic sequence (frameshift p.Lys11Glufs*66); small fraction of wild-type transcript preserved.,Cell culture/in vitro,"K562 (chronic myelogenous leukaemia; Hong 2021, J Transl Med)",Chinese,N/A,N/A,N/A,N/A,MEDIUM,NOT FEASIBLE,c.28+5G>A: G→A on minus strand (C→T on + strand); BE4max (CBE) feasible. Kräuchi 2025 also independently confirmed this variant (ABO*A1.28+5A). No published BE guide.,Flanking Cs within CBE window may co-edit; guide design needed,2021,"Hong 2021, J Transl Med; Shao 2024, Front Immunol; Kräuchi 2025, Transfusion",https://pmc.ncbi.nlm.nih.gov/articles/PMC8607603/,VERIFIED,https://gnomad.broadinstitute.org/variant/rs5442107547?dataset=gnomad_r4
ABO,ABO,ABO,chr9,minus,001,c.28+5G>C,Bel,B.01,Intron 1 donor +5 position,ABO-NC-015,IVS1+5G>C,Splice Site - Donor,SNV,"chr9:136,150,573",rs5442107548,G,C,,14-84% reduction in splice scores (SSF 14.63%; MaxEnt 58.35%; NNS 83.84%; GS 47.65%); activates cryptic donors at c.28+168 and c.28+267.,Serological + molecular,None (in silico + serological),Chinese,N/A,N/A,N/A,N/A,NOT FEASIBLE,NOT FEASIBLE,c.28+5G>C: G→C transversion; not achievable by CBE or ABE,N/A,2021,"Hong 2021, J Transl Med",https://pmc.ncbi.nlm.nih.gov/articles/PMC8607603/,VERIFIED,https://gnomad.broadinstitute.org/variant/rs5442107548?dataset=gnomad_r4
ABO,ABO,ABO,chr9,minus,001,c.98+2T>C,Aweak,A allele,Intron 2 donor +2 position,ABO-NC-016,,Splice Site - Donor,SNV,N/A,N/A,T,C,,+2 position (T of GT dinucleotide) is among the most conserved positions in splice donors; substitution severely impairs intron 2 splicing.,Serological only,None (ISBT allele designation + serological),Multi-ethnic,N/A,N/A,N/A,N/A,NOT FEASIBLE,MEDIUM,c.98+2T>C: T→C on minus strand (A→G on + strand); ABE8e feasible. No published guide.,Check local A's within ABE window,2017,ISBT ABO allele table v1.1,https://www.isbtweb.org/resource/001aboalleles.html,VERIFIED,
ABO,ABO,ABO,chr9,minus,001,c.155+5G>A,B3 (mixed-field agglutination),B.01,Intron 3 donor +5 position,ABO-NC-017,IVS3+5G>A,Splice Site - Donor,SNV,"chr9:136,136,716",rs55852701,G,A,,Destroys +5 splice donor consensus; generates ≥7 aberrant transcripts including exon 2/3/6 deletion (68.6%); B3 transferase retains ~40% normal B1 activity.,Cell culture/in vitro,"K562 (chronic myelogenous leukaemia; Yu 2001, Blood; Chen 2012, PLoS ONE)",Chinese/Taiwanese,0.000028,N/A,N/A,N/A,MEDIUM,NOT FEASIBLE,c.155+5G>A: G→A on minus strand (C→T on + strand); BE4max (CBE) feasible. Most common B subtype in Chinese (~1/900). No published BE guide.,Critical site: bystander edits within ±4 bp must be assessed carefully,2001,"Yu 2001, Blood; Chen 2012, PLoS ONE",https://pubmed.ncbi.nlm.nih.gov/22624005/,CORRECTED: URL fixed,https://gnomad.broadinstitute.org/variant/rs55852701?dataset=gnomad_r4
ABO,ABO,ABO,chr9,minus,001,c.203+1delG,Abantu/Aweak,A allele (compound),Intron 4 donor +1 position,ABO-NC-018,,Splice Site - Donor,Small Deletion,N/A,N/A,G,del,,Deletion of invariant G at +1 of GT splice donor consensus abolishes normal intron 4 splicing.,Serological only,None (ISBT allele designation + serological),African,N/A,N/A,N/A,N/A,N/A,N/A,Deletion: base editing not applicable,N/A,2017,ISBT ABO allele table v1.1,https://www.isbtweb.org/resource/001aboalleles.html,VERIFIED,
ABO,ABO,ABO,chr9,minus,001,c.204-1G>A,Bel,B.01,Intron 4 acceptor / Exon 5 acceptor -1 position,ABO-NC-019,,Splice Site - Acceptor,SNV,"chr9:136,133,523",rs1444418339,G,A,,Abolishes canonical AG acceptor (100% score reduction); predicts exon 5 skipping producing B transferase lacking 12 N-terminal aa; novel acceptor at c.204-224.,Serological + molecular,None (in silico + serological),Chinese,N/A,N/A,N/A,N/A,MEDIUM,NOT FEASIBLE,c.204-1G>A: G→A on minus strand (C→T on + strand); BE4max (CBE) feasible. Acceptor splice site: precision critical. No published guide.,Acceptor site context; bystander assessment needed,2021,"Hong 2021, J Transl Med",https://pmc.ncbi.nlm.nih.gov/articles/PMC8607603/,VERIFIED,https://gnomad.broadinstitute.org/variant/rs1444418339?dataset=gnomad_r4
ABO,ABO,ABO,chr9,minus,001,c.374+4A>T,Aweak,A allele,Intron 6 donor +4 position,ABO-NC-020,,Splice Site - Donor,SNV,N/A,N/A,A,T,,+4 position is part of GTAAG consensus; substitution reduces splice site recognition; retains ~10.2% functional transcripts (Yang 2025).,Cell culture/in vitro,"HEK293T (minigene assay; Yang 2025, J Mol Diagn)",Multi-ethnic,N/A,N/A,N/A,N/A,NOT FEASIBLE,NOT FEASIBLE,c.374+4A>T: A→T transversion; not achievable by CBE or ABE,N/A,2002,"Olsson 2002, Transfusion; Yang 2025, J Mol Diagn",https://pubmed.ncbi.nlm.nih.gov/41265788/,CORRECTED: URL fixed,
ABO,ABO,ABO,chr9,minus,001,c.374+4A>C,Aweak / Afinn,A allele,Intron 6 donor +4 position,ABO-NC-021,c.374+4A>G also reported,Splice Site - Donor,SNV,N/A,N/A,A,C (or G),,Same position as c.374+4A>T; transversion reduces splice site efficiency; c.374+4A>G retains ~6.9% functional transcripts (Yang 2025).,Cell culture/in vitro,"HEK293T (minigene assay; Yang 2025, J Mol Diagn)",Multi-ethnic,N/A,N/A,N/A,N/A,NOT FEASIBLE,MEDIUM,c.374+4A>C: A→C transversion NOT FEASIBLE. c.374+4A>G (ABO*AW.44): A→G on minus strand (T→C on + strand): ABE8e feasible. No published guide.,For c.374+4A>G: check local As within ABE window,2002,"Olsson 2002, Transfusion; Yang 2025, J Mol Diagn",https://pubmed.ncbi.nlm.nih.gov/41265788/,CORRECTED: URL fixed,
ABO,ABO,ABO,chr9,minus,001,c.374+5G>A,Ael (trace A antigen by adsorption-elution only),A allele,Intron 6 donor +5 position,ABO-NC-022,IVS6+5G>A,Splice Site - Donor,SNV,"chr9:136,132,791",rs1289213676,G,A,,14-100% reduction in splice scores; generates ≥10 aberrant transcripts; most lack exons 5-6; premature stop produces 79 aa truncated protein; retains ~2.8% functional transcripts (Yang 2025).,Cell culture/in vitro,"K562 (chronic myelogenous leukaemia; Sun 2003; Chen 2015); HEK293T (Yang 2025, J Mol Diagn)",Chinese/Taiwanese,N/A,N/A,N/A,N/A,MEDIUM,NOT FEASIBLE,c.374+5G>A: G→A on minus strand (C→T on + strand); BE4max (CBE) feasible. No published guide.,Local context guide design needed,2003,"Sun 2003, Transfusion; Chen 2015, Vox Sang; Yang 2025, J Mol Diagn",https://pubmed.ncbi.nlm.nih.gov/25234298/,VERIFIED,https://gnomad.broadinstitute.org/variant/rs1289213676?dataset=gnomad_r4
ABO,ABO,ABO,chr9,minus,001,c.29-10T>A,Ael,A allele (compound with c.467C>T),Intron 1 polypyrimidine tract (near exon 2 acceptor),ABO-NC-024,,Splice Site - Acceptor,SNV,N/A,Novel,T,A,,Position -10 in polypyrimidine tract upstream of exon 2 acceptor; may affect branch point recognition or polypyrimidine tract efficiency.,Serological + molecular,None (TGS sequencing + serological),Chinese,N/A,N/A,N/A,N/A,NOT FEASIBLE,NOT FEASIBLE,c.29-10T>A: T→A transversion; not achievable by CBE or ABE,N/A,2023,Vox Sang 2023,https://onlinelibrary.wiley.com/doi/abs/10.1111/vox.13557,VERIFIED,
ABO,ABO,ABO,chr9,minus,001,c.28+4077_7107del,Bm,B.01,+5.8-kb erythroid enhancer (partial deletion),ABO-NC-026,Bm3.0 deletion (~3 kb),Intronic Regulatory,Large Structural Deletion,N/A,N/A,~3 kb segment,del,,"Partial deletion of +5.8-kb erythroid enhancer removes GATA/RUNX1 binding sites, abolishing erythroid-specific ABO transcription.",Serological + molecular,None (NGS + serological; luciferase in Sano 2015),Japanese,N/A,N/A,N/A,N/A,N/A,N/A,Large deletion: base editing not applicable,N/A,2015,"Sano 2015, Vox Sang (PMID 25523382)",https://pubmed.ncbi.nlm.nih.gov/25523382/,CORRECTED: URL fixed,
ABO,ABO,ABO,chr9,minus,001,c.28+5110_10889del,"Bm, A1Bm",B.01,+5.8-kb erythroid enhancer (full deletion),ABO-NC-027,Bm5.8 deletion (~5.8 kb),Intronic Regulatory,Large Structural Deletion,N/A,N/A,~5.8 kb segment,del,,"Complete deletion of +5.8-kb erythroid enhancer abolishes GATA-1/GATA-2 and RUNX1 binding, eliminating erythroid-specific transcription; secreted B antigen from epithelial cells may be partially preserved.",Serological + molecular,None (NGS + serological),Japanese,N/A,N/A,N/A,N/A,N/A,N/A,Large deletion: base editing not applicable,N/A,2012,"Sano 2012, Blood (PMID 22408256)",https://pubmed.ncbi.nlm.nih.gov/22408256/,CORRECTED: URL fixed,
ABO,ABO,ABO,chr9,minus,001,c.28+5443_11354del,"Bm, weak ABO variants",Multiple,+5.8-kb erythroid enhancer (full deletion),ABO-NC-028,"Bm5.9 deletion (~5.9 kb); PMIDs for Wu 2018, Fennell 2021, Yu 2022 need manual verification",Intronic Regulatory,Large Structural Deletion,N/A,N/A,~5.9 kb segment,del,,Full erythroid enhancer deletion abolishes erythroid-specific ABO transcription.,Serological + molecular,None (NGS + serological),Multi-ethnic,N/A,N/A,N/A,N/A,N/A,N/A,Large deletion: base editing not applicable,N/A,2018,Wu 2018; Fennell 2021; Yu 2022,See Key Reference,FLAGGED: manual review,
ABO,ABO,ABO,chr9,minus,001,c.28+501_+7837del,Bel,B.01,"+5.8-kb erythroid enhancer (entire deletion, 7.3 kb)",ABO-NC-029,7.3 kb deletion (Bel-new),Intronic Regulatory,Large Structural Deletion,N/A,Novel,~7.3 kb segment,del,,Novel large deletion encompassing entire erythroid cell-specific transcription enhancer region.,Serological + molecular,None (PacBio sequencing + serological),Chinese,N/A,N/A,N/A,N/A,N/A,N/A,Large deletion: base editing not applicable,N/A,2025,"Ying 2025, Clin Chem",https://academic.oup.com/clinchem/article/71/4/510/8058681,VERIFIED,
ABO,ABO,ABO,chr9,minus,001,c.28+5858T>G,Ael,A2.05,+5.8-kb erythroid enhancer (GATA region),ABO-NC-030,Ael point mutation in GATA region,Intronic Regulatory,SNV,N/A,N/A,T,G,,Point mutation in GATA binding region of +5.8-kb erythroid enhancer reduces erythroid-specific transcription.,Serological + molecular,None (sequencing + serological),Japanese,N/A,N/A,N/A,N/A,NOT FEASIBLE,NOT FEASIBLE,c.28+5858T>G: T→G transversion; not achievable by CBE or ABE,N/A,2018,"Ogasawara 2018, Transfusion",PMID needs verification: Ogasawara 2018 Transfusion,CORRECTED: URL fixed,
ABO,ABO,ABO,chr9,minus,001,c.28+5830G>C,Am,A allele,+5.8-kb erythroid enhancer (downstream GATA motif),ABO-NC-031,Downstream GATA site mutation,Intronic Regulatory,SNV,N/A,N/A,G,C,,Disrupts downstream GATA binding motif in +5.8-kb erythroid enhancer; reduces erythroid-specific ABO transcription.,Cell culture/in vitro,"K562 (luciferase assay + ChIP; Oda 2015, Vox Sang)",Japanese,N/A,N/A,N/A,N/A,NOT FEASIBLE,NOT FEASIBLE,c.28+5859G>C: G→C transversion; not achievable by CBE or ABE,N/A,2015,"Oda 2015, Vox Sang",https://pubmed.ncbi.nlm.nih.gov/25557060/,CORRECTED: URL fixed,
ABO,ABO,ABO,chr9,minus,001,c.28+5861T>G,"Bm, A1Bm",B / A1B,+5.8-kb erythroid enhancer (GATA region),ABO-NC-032,,Intronic Regulatory,SNV,N/A,N/A,T,G,,Affects +5.8-kb regulatory element GATA binding region; reduces erythroid-specific transcription on B allele backgrounds.,Serological + molecular,None (sequencing + serological),Japanese,N/A,N/A,N/A,N/A,NOT FEASIBLE,NOT FEASIBLE,c.28+5861T>G: T→G transversion; not achievable by CBE or ABE,N/A,2018,"Ogasawara 2018, Transfusion",PMID needs verification: Ogasawara 2018 Transfusion,CORRECTED: URL fixed,
ABO,ABO,ABO,chr9,minus,001,c.28+5864G>A,A3,A allele,+5.8-kb erythroid enhancer (GATA motif),ABO-NC-033,+5893G>A (NT_035014.4),Intronic Regulatory,SNV,N/A,N/A,G,A,,Disrupts GATA binding motif in erythroid enhancer; reduces erythroid-specific transcription.,Cell culture/in vitro,"K562 (luciferase + EMSA; Takahashi 2014, Vox Sang)",Japanese,N/A,N/A,N/A,N/A,MEDIUM,NOT FEASIBLE,c.28+5864G>A: G→A on minus strand (C→T on + strand); BE4max (CBE) feasible. No published guide.,Local Cs within CBE window need assessment,2014,"Takahashi 2014, Vox Sang",https://pubmed.ncbi.nlm.nih.gov/24602004/,CORRECTED: URL fixed,
ABO,ABO,ABO,chr9,minus,001,c.28+5865_5887del,Am,A allele,+5.8-kb erythroid enhancer (GATA region deletion),ABO-NC-034,+5892_+5914del,Intronic Regulatory,Small Deletion,N/A,N/A,23-bp segment,del,,Deletion of GATA binding region in +5.8-kb erythroid enhancer abolishes GATA-1/2 binding.,Serological + molecular,None (sequencing + serological),Multi-ethnic,N/A,N/A,N/A,N/A,N/A,N/A,Deletion: base editing not applicable,N/A,2017,Fennell 2017; Guz 2021,PMIDs for Fennell 2017 and Guz 2021 need manual verification,FLAGGED: manual review,
ABO,ABO,ABO,chr9,minus,001,c.28+5872C>T,"B3, AB3",B allele,+5.8-kb erythroid enhancer (GATA/RUNX1 proximal),ABO-NC-035,,Intronic Regulatory,SNV,N/A,N/A,C,T,,Disrupts GATA/RUNX1 proximal regulatory region in +5.8-kb erythroid enhancer.,Serological + molecular,None (NGS panel + serological),Chinese,N/A,N/A,N/A,N/A,MEDIUM,NOT FEASIBLE,c.28+5872C>T: C→T on minus strand (G→A on + strand); BE4max (CBE) feasible. No published guide.,Local Cs in CBE window; guide design needed,2022,"He 2022, Front Immunol (PMC9298404)",https://pmc.ncbi.nlm.nih.gov/articles/PMC9298404/,CORRECTED: author name,
ABO,ABO,ABO,chr9,minus,001,c.28+5875C>T,B3 or Bweak,B allele,+5.8-kb erythroid enhancer (RUNX1 binding region),ABO-NC-036,"+5904C>T (NT_035014.4, RUNX1 site)",Intronic Regulatory,SNV,N/A,N/A,C,T,,Disrupts RUNX1 binding site in +5.8-kb erythroid enhancer; reduces erythroid-specific transcription.,Serological + molecular,None (NGS sequencing + serological),Chinese,N/A,N/A,N/A,N/A,MEDIUM,NOT FEASIBLE,c.28+5875C>T: C→T on minus strand (G→A on + strand); BE4max (CBE) feasible. Also reported in Wang 2025 (4 cases). No published guide.,RUNX1 binding region context; bystander assessment needed,2018,"Ying 2018, Transfusion; Wang 2025, Zhonghua Yi Xue Yi Chuan Xue Za Zhi",https://pubmed.ncbi.nlm.nih.gov/30488516/,FLAGGED: PMID 30488516 does not match description (resolves to an unrelated Muscle & Nerve neurology paper); needs manual reference recovery. Was previously incorrectly marked VERIFIED.,
ABO,ABO,ABO,chr9,minus,001,c.28+5880A>G,A3,A allele,+5.8-kb erythroid enhancer (near RUNX1 motif),ABO-NC-037,+5909A>G (NT_035014.4),Intronic Regulatory,SNV,N/A,N/A,A,G,,Disrupts region near RUNX1 binding motif in +5.8-kb erythroid enhancer.,Cell culture/in vitro,"K562 (luciferase + EMSA; Takahashi 2014, Vox Sang)",Japanese,N/A,N/A,N/A,N/A,NOT FEASIBLE,MEDIUM,c.28+5880A>G: A→G on minus strand (T→C on + strand); ABE8e feasible. No published guide.,Check local As in ABE window,2014,"Takahashi 2014, Vox Sang",https://pubmed.ncbi.nlm.nih.gov/24602004/,CORRECTED: URL fixed,
ABO,ABO,ABO,chr9,minus,001,c.28+5882C>T,"Bweak, ABweak",B allele,+5.8-kb erythroid enhancer (GATA/RUNX1 proximal),ABO-NC-038,,Intronic Regulatory,SNV,N/A,N/A,C,T,,Disrupts GATA/RUNX1 proximal regulatory region in +5.8-kb erythroid enhancer.,Serological + molecular,None (NGS panel + serological),Chinese,N/A,N/A,N/A,N/A,MEDIUM,NOT FEASIBLE,c.28+5882C>T: C→T on minus strand (G→A on + strand); BE4max (CBE) feasible. No published guide.,Local Cs in CBE window; guide design needed,2022,"He 2022, Front Immunol (PMC9298404)",https://pmc.ncbi.nlm.nih.gov/articles/PMC9298404/,CORRECTED: author name,
ABO,ABO,ABO,chr9,minus,001,c.28+5885C>T,B3,B allele,+5.8-kb erythroid enhancer (near C/EBP site),ABO-NC-039,,Intronic Regulatory,SNV,N/A,N/A,C,T,,Disrupts region near C/EBP binding site in +5.8-kb erythroid enhancer.,Serological + molecular,None (sequencing + serological),Chinese,N/A,N/A,N/A,N/A,MEDIUM,NOT FEASIBLE,c.28+5885C>T: C→T on minus strand (G→A on + strand); BE4max (CBE) feasible. No published guide.,Local Cs in CBE window; guide design needed,2017,"Tao 2017, Transfusion",https://pubmed.ncbi.nlm.nih.gov/28425606/,CORRECTED: URL fixed,
ABO,ABO,ABO,chr9,minus,001,c.28+5956T>A,A3,A allele,+5.8-kb erythroid enhancer (distal region),ABO-NC-040,,Intronic Regulatory,SNV,N/A,Novel,T,A,,Novel variant in distal region of +5.8-kb erythroid enhancer; no coding or splice site mutations found.,Serological + molecular,None (NGS + serological),Chinese,N/A,N/A,N/A,N/A,NOT FEASIBLE,NOT FEASIBLE,c.28+5956T>A: T→A transversion; not achievable by CBE or ABE,N/A,2022,"He 2022, Front Immunol (PMC9298404)",https://pmc.ncbi.nlm.nih.gov/articles/PMC9298404/,CORRECTED: author name,
ABO,ABO,ABO,chr9,minus,001,g.10924C>A (NG_006669.2),A3 (mixed-field),A allele,+5.8-kb erythroid enhancer (RUNX1 8-bp motif),ABO-NC-041,RUNX1 8-bp motif variant,Intronic Regulatory,SNV,N/A,Novel,C,A,,Disrupts RUNX1 8-bp binding motif in +5.8-kb erythroid enhancer.,Serological + molecular,None (Oxford Nanopore long-read + Sanger),European,N/A,N/A,N/A,N/A,NOT FEASIBLE,NOT FEASIBLE,g.10924C>A: C→A transversion (NG_006669.2 coordinates); not achievable by CBE or ABE,N/A,2024,"Thun 2024, Vox Sang",https://pubmed.ncbi.nlm.nih.gov/38226545/,VERIFIED,
ABO,ABO,ABO,chr9,minus,001,(TA)n VNTR in intron 1,Uncertain; may modulate enhancer accessibility,Multiple (allele-specific patterns),"Intron 1, proximal to +5.8-kb enhancer",ABO-NC-042,"Variable number tandem repeat, n=11-26",Deep Intronic/Structural,VNTR,N/A,N/A,(TA)n,Variable (n=11-26),,Allele-specific repeat lengths: A/B/O.01.01 ~n=21 ending CACA; O alleles median ~n=13 with different ending sequences. May affect enhancer chromatin accessibility.,Serological + molecular,None (PacBio SMRT sequencing only),Chinese,N/A,N/A,N/A,N/A,N/A,N/A,VNTR: base editing not applicable,N/A,2025,"Ying 2025, Clin Chem",https://academic.oup.com/clinchem/article/71/4/510/8058681,VERIFIED,
ABO,ABO,ABO,chr9,minus,001,miR-331-3p binding site (A allele 3'UTR),Reduced A antigen (up to 70% reduction),A1.01 (A consensus),3' UTR of ABO mRNA,ABO-NC-043,1 binding site in A consensus allele,3'UTR/miRNA,SNV,N/A,N/A,N/A,miRNA target site,,"miR-331-3p binds 1 site in A allele 3'UTR, reducing glycosyltransferase A mRNA and protein; also targets SP1 3'UTR (indirect promoter effect). Upregulated in O and A2 genotype HSCs/RBCs.",Cell culture/in vitro,"K562 + HSPC (hematopoietic stem and progenitor cells; Kronstein-Wiedemann 2020, Stem Cells)",European,N/A,N/A,N/A,N/A,NOT ASSESSABLE,NOT ASSESSABLE,No specific SNV identified; miRNA binding site difference: exact nucleotide coordinates not available for BE design,N/A,2020,"Kronstein-Wiedemann 2020, Stem Cells",https://pubmed.ncbi.nlm.nih.gov/32621650/,VERIFIED,
ABO,ABO,ABO,chr9,minus,001,miR-1908-5p binding sites (O.01.02 vs A1.01),Differential ABO expression; stronger O.01.02 suppression,O.01.02 / A1.01,3' UTR of ABO mRNA,ABO-NC-044,5 sites in O.01.02 vs 3 in A1.01,3'UTR/miRNA,SNV,N/A,N/A,3 binding sites (A1.01),5 binding sites (O.01.02),,O.01.02 allele 3'UTR contains 5 miR-1908-5p recognition sites vs 3 in A1.01; extra sites confer stronger mRNA suppression.,Cell culture/in vitro,"K562 + HSPC (Kronstein-Wiedemann 2020, Stem Cells)",European,N/A,N/A,N/A,N/A,NOT ASSESSABLE,NOT ASSESSABLE,Allelic difference in number of miRNA binding sites: specific SNV coordinates not individually defined for BE,N/A,2020,"Kronstein-Wiedemann 2020, Stem Cells",https://pubmed.ncbi.nlm.nih.gov/32621650/,VERIFIED,
ABO,ABO,ABO,chr9,minus,001,"miR-215-5p (targets RUNX1 3'UTR, indirect)",Reduced ABO expression (indirect via RUNX1 downregulation),All alleles (indirect),RUNX1 3' UTR (indirect effect on ABO),ABO-NC-045,Indirect ABO regulation via RUNX1,3'UTR/miRNA,SNV,N/A,N/A,N/A,N/A,,"miR-215-5p targets RUNX1 3'UTR, downregulating RUNX1, which in turn reduces ABO erythroid expression and accelerates erythropoiesis.",Cell culture/in vitro,"K562 + HSPC (Kronstein-Wiedemann 2020, Stem Cells)",European,N/A,N/A,N/A,N/A,NOT ASSESSABLE,NOT ASSESSABLE,Indirect pathway (RUNX1 → ABO); not a direct ABO variant; BE not applicable at ABO locus,N/A,2020,"Kronstein-Wiedemann 2020, Stem Cells",https://pubmed.ncbi.nlm.nih.gov/32621650/,VERIFIED,
ABO,ABO,ABO,chr9,minus,001,rs199969472,Protective O allele (COVID-19 association),O allele,ABO 3' UTR,ABO-NC-046,3'UTR GWAS variant,3'UTR/miRNA,GWAS SNP,N/A,rs199969472,N/A,N/A,,3'UTR variant associated with protective O blood group phenotype in COVID-19 GWAS.,Human clinical,Clinical cohort (GWAS meta-analysis),Multi-ethnic,N/A,N/A,N/A,N/A,NOT ASSESSABLE,NOT ASSESSABLE,Reference/alternate alleles not specified in available data; BE feasibility cannot be determined,N/A,2022,"Jelinek 2022, Front Med (PMC8793802)",https://pmc.ncbi.nlm.nih.gov/articles/PMC8793802/,CORRECTED: author name,https://gnomad.broadinstitute.org/variant/rs199969472?dataset=gnomad_r4
ABO,ABO,ABO,chr9,minus,001,rs34266669,Protective O allele (COVID-19 association),O allele,ABO 3' UTR,ABO-NC-047,3'UTR GWAS variant,3'UTR/miRNA,GWAS SNP,N/A,rs34266669,N/A,N/A,,3'UTR variant associated with protective O blood group phenotype in COVID-19 GWAS.,Human clinical,Clinical cohort (GWAS meta-analysis),Multi-ethnic,N/A,N/A,N/A,N/A,NOT ASSESSABLE,NOT ASSESSABLE,Reference/alternate alleles not specified; BE feasibility cannot be determined,N/A,2022,"Jelinek 2022, Front Med (PMC8793802)",https://pmc.ncbi.nlm.nih.gov/articles/PMC8793802/,CORRECTED: author name,https://gnomad.broadinstitute.org/variant/rs34266669?dataset=gnomad_r4
ABO,ABO,ABO,chr9,minus,001,rs505922 (C/T),"O allele proxy; pancreatic cancer, COVID-19",T = O allele tag (r2=1.0 with 261delG),Intron 1,ABO-NC-048,,GWAS Tag SNP,GWAS SNP,"chr9:136,139,054",rs505922,C,T,,Intronic tag SNP in complete LD with O allele (261delG); luciferase assay showed reduced transcriptional activity of rs505922-C allele in endothelial cells (Esposito 2025).,Human clinical,"Endothelial cells (luciferase assay; Esposito 2025, HGG Adv); Clinical cohorts (GWAS)",Multi-ethnic,0.417,0.388,0.461,0.421,MEDIUM,NOT FEASIBLE,rs505922 C/T: C→T on ABO minus strand (G→A on + strand reference); BE4max (CBE) feasible. Common SNP: may not need BE (natural variation). Esposito 2025 confirmed functional activity in endothelial cells.,Common MAF 0.417: bystander edits in this context less critical for research use,2009,"Paterson 2009, ATVB (PMC3147250); Wolpin 2009, Nat Genet; Esposito 2025, HGG Adv",https://pmc.ncbi.nlm.nih.gov/articles/PMC3147250/,CORRECTED: author name,https://gnomad.broadinstitute.org/variant/rs505922?dataset=gnomad_r4
ABO,ABO,ABO,chr9,minus,001,rs657152 (T/G),"O allele proxy; pancreatic cancer, COVID-19 severity; ADAMTS13 regulation",O allele tag,Intron 1,ABO-NC-049,,GWAS Tag SNP,GWAS SNP,"chr9:136,129,086",rs657152,T,G,,Intronic tag SNP in strong LD with O allele; CRISPRa near rs657152 increases ADAMTS13 transcription in endothelial cells (Esposito 2025); topological link to ADAMTS13.,Human clinical,"Endothelial cells (CRISPRa; Esposito 2025, HGG Adv); Clinical cohorts (GWAS)",Multi-ethnic,0.350,0.320,0.390,0.352,NOT FEASIBLE,NOT FEASIBLE,rs657152 T/G: T→G on ABO minus strand (A→C on + strand); transversion: not achievable by CBE or ABE,N/A,2009,"Paterson 2009, ATVB (PMC3147250); Wolpin 2009, Nat Genet; Esposito 2025, HGG Adv",https://pmc.ncbi.nlm.nih.gov/articles/PMC3147250/,CORRECTED: author name,https://gnomad.broadinstitute.org/variant/rs657152?dataset=gnomad_r4
ABO,ABO,ABO,chr9,minus,001,rs630014 (T/C),O allele proxy,O allele tag,Intron 1,ABO-NC-050,,GWAS Tag SNP,GWAS SNP,"chr9:136,139,543",rs630014,T,C,,Intronic tag SNP in LD with O allele (r2=0.52 with rs505922 in HapMap CEU).,Human clinical,Clinical cohort (GWAS meta-analysis),Multi-ethnic,0.480,0.460,0.490,0.479,NOT FEASIBLE,MEDIUM,rs630014 T/C: T→C on ABO minus strand (A→G on + strand); ABE8e feasible. Common SNP. No published guide.,Common MAF ~0.48; bystander context less critical for research purposes,2009,"Paterson 2009, ATVB (PMC3147250)",https://pmc.ncbi.nlm.nih.gov/articles/PMC3147250/,CORRECTED: author name,https://gnomad.broadinstitute.org/variant/rs630014?dataset=gnomad_r4
ABO,ABO,ABO,chr9,minus,001,rs8176732 (C/T),ABO tag SNP,Multiple,Intron 6,ABO-NC-051,,GWAS Tag SNP,GWAS SNP,"chr9:136,122,124",rs8176732,C,T,,Intronic tag SNP used in GWAS meta-analyses as ABO genotype proxy.,Human clinical,Clinical cohort (GWAS meta-analysis),Multi-ethnic,0.250,0.230,0.270,0.252,MEDIUM,NOT FEASIBLE,rs8176732 C/T: C→T on ABO minus strand (G→A on + strand); BE4max (CBE) feasible. Common SNP. No published guide.,Common MAF ~0.25; guide design needed,2009,"Paterson 2009, ATVB (PMC3147250)",https://pmc.ncbi.nlm.nih.gov/articles/PMC3147250/,CORRECTED: author name,https://gnomad.broadinstitute.org/variant/rs8176732?dataset=gnomad_r4
ABO,ABO,ABO,chr9,minus,001,rs579459 (T/C),"A1 subtype tag; E-selectin, vWF levels",C = A1 haplotype tag,"5' flank (~-3.5 kb, near CBF/NF-Y VNTR)",ABO-NC-052,,GWAS Tag SNP,GWAS SNP,"chr9:136,154,159",rs579459,T,C,,Located near CBF/NF-Y VNTR (~-3.5 kb); C allele tags A1 haplotype; GWAS-significant for E-selectin and vWF plasma levels.,Human clinical,Clinical cohort (GWAS meta-analysis),Multi-ethnic,0.200,0.180,0.220,0.202,NOT FEASIBLE,MEDIUM,rs579459 T/C: T→C on ABO minus strand (A→G on + strand); ABE8e feasible. Common SNP near CBF/NF-Y VNTR. No published guide.,Common variant near VNTR; bystander assessment needed,2009,"Paterson 2009, ATVB (PMC3147250)",https://pmc.ncbi.nlm.nih.gov/articles/PMC3147250/,CORRECTED: author name,https://gnomad.broadinstitute.org/variant/rs579459?dataset=gnomad_r4
ABO,ABO,ABO,chr9,minus,001,c.98+1G>A,Weak B (Bweak),B allele (ABO*B),Intron 2 donor +1 position (canonical G of GT),ABO-NC-053,IVS2+1G>A,Splice Site - Donor,SNV,N/A,Novel,G,A,,Abolition of the invariant +1 G of the GT splice donor dinucleotide at intron 2; predicted to severely impair intron 2 splicing. Identified by PacBio TGS in a patient with serologically weak B expression.,Serological + molecular,None (PacBio TGS + serological),Chinese,N/A,N/A,N/A,N/A,MEDIUM,NOT FEASIBLE,c.98+1G>A: G→A on ABO minus strand (C→T on + strand); BE4max (CBE) feasible. Canonical +1 site: precision critical. No published guide.,Critical splice site; local Cs in CBE window must be assessed carefully,2025,"Wang 2025, Zhonghua Yi Xue Yi Chuan Xue Za Zhi",https://pubmed.ncbi.nlm.nih.gov/40623938/,VERIFIED,
ABO,ABO,ABO,chr9,minus,001,c.204-2A>C,Weak B (Bweak),B allele (ABO*B),Intron 4 acceptor -2 position (canonical A of AG),ABO-NC-054,IVS4-2A>C,Splice Site - Acceptor,SNV,N/A,Novel,A,C,,Disrupts invariant -2A of AG splice acceptor at intron 4; predicted to severely impair exon 5 acceptor splicing. Identified by PacBio TGS in patient with serologically weak B expression without coding region variants.,Serological + molecular,None (PacBio TGS + serological),Chinese,N/A,N/A,N/A,N/A,NOT FEASIBLE,NOT FEASIBLE,c.204-2A>C: A→C transversion; not achievable by CBE or ABE,N/A,2025,"Wang 2025, Zhonghua Yi Xue Yi Chuan Xue Za Zhi",https://pubmed.ncbi.nlm.nih.gov/40623938/,VERIFIED,
ABO,ABO,ABO,chr9,minus,001,c.28+5792_5793delCT,Weak A (Aweak),A allele (ABO*A),+5.8-kb erythroid enhancer (GATA binding region),ABO-NC-055,2-bp deletion in GATA binding region,Intronic Regulatory,Small Deletion,N/A,Novel,CT,del,,2-bp deletion in GATA binding region of +5.8-kb erythroid enhancer; disrupts GATA-1/2 binding motif reducing erythroid-specific ABO transcription. Identified by PacBio TGS.,Serological + molecular,None (PacBio TGS + serological),Chinese,N/A,N/A,N/A,N/A,N/A,N/A,Deletion: base editing not applicable,N/A,2025,"Wang 2025, Zhonghua Yi Xue Yi Chuan Xue Za Zhi",https://pubmed.ncbi.nlm.nih.gov/40623938/,VERIFIED,
ABO,ABO,ABO,chr9,minus,001,c.28+5808C>T,Weak B (Bweak),B allele (ABO*B),+5.8-kb erythroid enhancer (E-box / C/EBP binding region),ABO-NC-056,E-box region variant,Intronic Regulatory,SNV,N/A,Novel,C,T,,Variant in E-box (CANNTG) region of +5.8-kb erythroid enhancer; E-box motifs are binding sites for C/EBP and related bHLH transcription factors regulating erythroid gene expression. Identified by PacBio TGS.,Serological + molecular,None (PacBio TGS + serological),Chinese,N/A,N/A,N/A,N/A,MEDIUM,NOT FEASIBLE,c.28+5808C>T: C→T on ABO minus strand (G→A on + strand); BE4max (CBE) feasible. Newly reported 2025. No published guide.,E-box region; local Cs in CBE window need assessment,2025,"Wang 2025, Zhonghua Yi Xue Yi Chuan Xue Za Zhi",https://pubmed.ncbi.nlm.nih.gov/40623938/,VERIFIED,
ABO,ABO,ABO,chr9,minus,001,c.374+2_374+3insT,Bel (trace B antigen by adsorption-elution only),B.01 allele,Intron 6 donor +2/+3 position,ABO-NC-057,IVS6+2_+3insT,Splice Site - Donor,Small Insertion,N/A,Novel,N/A,insT,,Novel insertion at intron 6 donor +2/+3 position disrupts splice site; retains ~4.7% exon 6-containing transcripts; qRT-PCR shows ~51.7% of normal ABO transcript levels in ABel individual.,Cell culture/in vitro,"HEK293T (minigene splicing assay; Yang 2025, J Mol Diagn)",Chinese,N/A,N/A,N/A,N/A,N/A,N/A,Insertion: base editing not applicable,N/A,2025,"Yang 2025, J Mol Diagn",https://pubmed.ncbi.nlm.nih.gov/41265788/,VERIFIED,
ABO,ABO,ABO,chr9,minus,001,c.28+5793T>C,Weak B (Bweak),B allele (ABO*B),+5.8-kb erythroid enhancer (GATA binding region),ABO-NC-058,GATA binding region variant (B background),Intronic Regulatory,SNV,N/A,Novel,T,C,,Variant in GATA binding region of +5.8-kb erythroid enhancer on B allele background; reduces erythroid-specific ABO transcription. Identified by PacBio TGS.,Serological + molecular,None (PacBio TGS + serological),Chinese,N/A,N/A,N/A,N/A,NOT FEASIBLE,MEDIUM,c.28+5793T>C: T→C on ABO minus strand (A→G on + strand); ABE8e feasible. Newly reported 2025. No published guide.,GATA binding region context; local As in ABE window need assessment,2025,"Wang 2025, Zhonghua Yi Xue Yi Chuan Xue Za Zhi",https://pubmed.ncbi.nlm.nih.gov/40623938/,VERIFIED,
RHD,Rh (RHD),RHD,chr1,plus,004,"chr1:25,272,422 C>T",Minimal effect,,Promoter region,RHD-NC-001,,Promoter,SNV,chr1:25272422 C>T,N/A,C,T,N/A,Low AI pathogenicity; minimal CRISPR impact [AUDIT NOTE: AlphaGenome AI pathogenicity score was low for this variant; retained in the dataset because CRISPR base-editing validation (K562 cells) was still performed. A policy review of AI-low-score retention criteria is recommended.],Cell culture,"K562 (CRISPR base editing, qPCR, flow cytometry)",N/A,N/A (not in gnomAD),N/A,N/A,Not available,MEDIUM,NOT FEASIBLE,Guide design needed (CBE fwd strand; target C at 25272422 in pos 4–8 with NGG PAM),Unknown: sequence lookup needed,2026,"Liu 2026, bioRxiv",https://pmc.ncbi.nlm.nih.gov/articles/PMC12889522/,CORRECTED: note added re: AlphaGenome low-score policy,https://gnomad.broadinstitute.org/variant/1-25272422-C-T?dataset=gnomad_r4
RHD,Rh (RHD),RHD,chr1,plus,004,c.1-115A>C,Weak D (variable),,"Proximal promoter, GATA1 motif 5'-end",RHD-NC-002,RHD*5'UTR-115C,Promoter,SNV,chr1:25272433 A>C,N/A,A,C,N/A,GATA1 binding site 5'-end disruption; borderline,Cell culture,"HEL cells (EMSA + luciferase reporter, pGL3-basic)",UK Caucasian,N/A (not in gnomAD),N/A,N/A,Not available,NOT FEASIBLE,NOT FEASIBLE,N/A: transversion A→C,N/A,2024,"McGowan 2024, Transfus Med Hemother (PMID 39021419)",https://pubmed.ncbi.nlm.nih.gov/39021419/,CORRECTED: year 2017→2024; ref Fennell→McGowan,https://gnomad.broadinstitute.org/variant/1-25272433-A-C?dataset=gnomad_r4
RHD,Rh (RHD),RHD,chr1,plus,004,"chr1:25,272,434 G>A",Reduced RHD expression,,"Promoter/5'UTR, SP1/GATA1 disruption",RHD-NC-003,,Promoter,SNV,chr1:25272434 G>A,N/A,G,A,N/A,Disruption of SP1/GATA1 binding; CRISPR-validated [AUDIT NOTE: Identified via AI-driven regulatory-variant prioritization rather than a primary literature report.],Cell culture,"K562 (CRISPR base editing, qPCR, flow cytometry)",N/A,N/A (not in gnomAD),N/A,N/A,Not available,MEDIUM,NOT FEASIBLE,Guide design needed (CBE rev/minus strand; target G→A on + = C→T on −),Unknown: sequence lookup needed,2026,"Liu 2026, bioRxiv",https://pmc.ncbi.nlm.nih.gov/articles/PMC12889522/,FLAGGED: manual review,https://gnomad.broadinstitute.org/variant/1-25272434-G-A?dataset=gnomad_r4
RHD,Rh (RHD),RHD,chr1,plus,004,c.1-110A>C,DEL,,"Proximal promoter, GATA1 motif 3'-end",RHD-NC-004,N/A,Promoter,SNV,chr1:25272438 A>C,N/A,A,C,Novel (GenBank OR296440),GATA1 motif 3'-end disruption → 73% residual activity,Cell culture,"HEL cells (EMSA + luciferase reporter, pGL3-basic)",UK Caucasian,N/A (not in gnomAD),N/A,N/A,Not available,NOT FEASIBLE,NOT FEASIBLE,N/A: transversion A→C,N/A,2024,"McGowan 2024, Transfus Med Hemother (PMID 39021419)",https://pubmed.ncbi.nlm.nih.gov/39021419/,CORRECTED: ref Fennell→McGowan 2024,https://gnomad.broadinstitute.org/variant/1-25272438-A-C?dataset=gnomad_r4
RHD,Rh (RHD),RHD,chr1,plus,004,c.1-83G>T,No effect on RHD,,Proximal promoter,RHD-NC-005,N/A,Promoter,SNV,chr1:25272465 G>T,N/A,G,T,N/A,No functional consequence on RHD expression,Cell culture,"K562^RHD−/− (CRISPR-deleted background; dual-luciferase, nucleofection)",Thai/various,~7.5×10⁻⁷ (exome only),0,0,Not available,NOT FEASIBLE,NOT FEASIBLE,N/A: transversion G→T,N/A,2026,"Bénech 2026, Transfusion (PMID 41795167)",https://pubmed.ncbi.nlm.nih.gov/41795167/,CORRECTED: year 2017→2026; ref updated with PMID,https://gnomad.broadinstitute.org/variant/1-25272465-G-T?dataset=gnomad_r4
RHD,Rh (RHD),RHD,chr1,plus,004,Novel promoter variant 1 (Shao),Not determined,,Proximal promoter (~1.3 kb 5'-flanking),RHD-NC-006,HGVS not published,Promoter,Unknown/Complex,~chr1:25271xxx (not determined),N/A,N/A,N/A,N/A,Promoter variant; HGVS unpublished,Serological + molecular,N/A (serology/sequencing only),Chinese Han,N/A,N/A,N/A,Not available,NOT ASSESSABLE,NOT ASSESSABLE,N/A: coordinate not determined,N/A,2024,"Shao 2024, Transfusion Medicine",https://onlinelibrary.wiley.com/doi/10.1111/tme.13080,LIKELY VALID,
RHD,Rh (RHD),RHD,chr1,plus,004,Novel promoter variant 2 (Shao),Not determined,,Proximal promoter (~1.3 kb 5'-flanking),RHD-NC-007,HGVS not published,Promoter,Unknown/Complex,~chr1:25271xxx (not determined),N/A,N/A,N/A,N/A,Promoter variant; HGVS unpublished,Serological + molecular,N/A (serology/sequencing only),Chinese Han,N/A,N/A,N/A,Not available,NOT ASSESSABLE,NOT ASSESSABLE,N/A: coordinate not determined,N/A,2024,"Shao 2024, Transfusion Medicine",https://onlinelibrary.wiley.com/doi/10.1111/tme.13080,FLAGGED: manual review,
RHD,Rh (RHD),RHD,chr1,plus,004,c.1-49G>A,Predicted reduced expression,,5'UTR region,RHD-NC-008,chr1:25272499 G>A,5'UTR,SNV,chr1:25272499 G>A,rs1320440029,G,A,N/A,5'UTR disruption; ultra-rare,In silico / Not validated,N/A (in silico only),N/A,~7.1×10⁻⁷ (exome only),0,0,Not available,NOT FEASIBLE,NOT FEASIBLE,N/A: no NGG PAM available in window,N/A,2026,gnomAD v4,https://gnomad.broadinstitute.org,LIKELY VALID,https://gnomad.broadinstitute.org/variant/rs1320440029?dataset=gnomad_r4
RHD,Rh (RHD),RHD,chr1,plus,004,c.1-10C>T,Weak D,,5'UTR near ATG start codon,RHD-NC-009,RHD(-10C>T),5'UTR,SNV,chr1:25272538 C>T,rs373452048,C,T,N/A,Kozak/5'UTR disruption near translation initiation site,Serological + molecular,N/A (serology/sequencing only),European,2.96×10⁻⁵,0,3.47×10⁻⁵,~4.94×10⁻⁵ (exome),MEDIUM,NOT FEASIBLE,5'-CTGTGTCCGTCTCTGTGCAG-GGG-3' (rev/− strand); target C at pos 4 of protospacer,C at pos 7 → additional C→T bystander edit at chr1:25272532,2012,RhesusBase,http://www.rhesusbase.info,LIKELY VALID,https://gnomad.broadinstitute.org/variant/rs373452048?dataset=gnomad_r4
RHD,Rh (RHD),RHD,chr1,plus,004,c.1-4C>T,Predicted reduced expression,,"5'UTR, 4 bp upstream of start codon",RHD-NC-010,chr1:25272544 C>T,5'UTR,SNV,chr1:25272544 C>T,rs1359138965,C,T,N/A,5'UTR Kozak region; AFR-predominant,In silico / Not validated,N/A (in silico only),African,7.37×10⁻⁶,2.54×10⁻⁵,0,Not available,NOT FEASIBLE,NOT FEASIBLE,N/A: no NGG PAM placing C in window 4–8 (too close to ATG),N/A,2026,gnomAD v4,https://gnomad.broadinstitute.org,LIKELY VALID,https://gnomad.broadinstitute.org/variant/rs1359138965?dataset=gnomad_r4
RHD,Rh (RHD),RHD,chr1,plus,004,c.148+1G>A,DEL,,Intron 1 donor +1,RHD-NC-019,IVS1+1G>A,Splice Site - Donor (canonical),SNV,chr1:25272696 G>A,N/A,G,A,RHD*01EL.05 (RHD*DEL5),Loss of invariant GT donor → exon 1 skipping,Serological + molecular,N/A (serology/sequencing only),Various,~3.8×10⁻⁶ (exome),0,0,Not available,NOT FEASIBLE,NOT FEASIBLE,N/A: IVS1+1; no suitable NGG PAM in positions 4–8 at this locus (confirmed prior assessment),N/A,2001,"McGowan 2024, Transfus Med Hemother (PMID 39021419)",https://pubmed.ncbi.nlm.nih.gov/39021419/,CORRECTED: ref Fennell→McGowan 2024,https://gnomad.broadinstitute.org/variant/1-25272696-G-A?dataset=gnomad_r4
RHD,Rh (RHD),RHD,chr1,plus,004,c.148+1G>T,DEL,,Intron 1 donor +1,RHD-NC-020,IVS1+1G>T,Splice Site - Donor (canonical),SNV,chr1:25272696 G>T,N/A,G,T,RHD*01EL.31 (RHD*DEL31),Loss of invariant GT donor,Serological + molecular,N/A (serology/sequencing only),Various,~7.6×10⁻⁷ (exome),0,0,Not available,NOT FEASIBLE,NOT FEASIBLE,N/A: transversion G→T,N/A,2014,RhesusBase; ISBT v6.4,http://www.rhesusbase.info,LIKELY VALID,https://gnomad.broadinstitute.org/variant/1-25272696-G-T?dataset=gnomad_r4
RHD,Rh (RHD),RHD,chr1,plus,004,c.335+1G>A,D-negative,,Intron 2 donor +1,RHD-NC-021,IVS2+1G>A,Splice Site - Donor (canonical),SNV,chr1:25284760 G>A,N/A,G,A,RHD*01N.24,Loss of GT donor → exon 2 skipping → null allele,Serological + molecular,N/A (serology/sequencing only),Various,N/A (not in gnomAD),N/A,N/A,Not available,MEDIUM,MEDIUM,Guide design needed for both strands (CBE creates G>A; ABE correction restores A→G at IVS2+1),Unknown: sequence lookup needed,2007,RhesusBase; ISBT v6.4,http://www.rhesusbase.info,LIKELY VALID,https://gnomad.broadinstitute.org/variant/1-25284760-G-A?dataset=gnomad_r4
RHD,Rh (RHD),RHD,chr1,plus,004,c.486+1G>A,DEL / D-negative,,Intron 3 donor +1,RHD-NC-022,IVS3+1G>A,Splice Site - Donor (canonical),SNV,chr1:25290792 G>A,rs149598033,G,A,RHD*01EL.08 (RHD*DEL8),Loss of GT donor → exon 3 skipping,Cell culture,Clinical case series (qPCR + Sanger sequencing; no minigene published),Various (Eurasian),4.64×10⁻⁵,1.06×10⁻⁴,3.16×10⁻⁵,~7.6×10⁻⁵ (exome),NOT FEASIBLE,MEDIUM,ABE: Guide design needed (A→G correction direction at IVS3+1; ABE fwd strand direct target). CBE direction: no suitable PAM,N/A (CBE); Unknown: lookup needed (ABE correction),2001,"Gardener 2012, Transfusion (PMID 22313164)",https://pubmed.ncbi.nlm.nih.gov/22313164/,CORRECTED: ref Haimowitz→Gardener 2012,https://gnomad.broadinstitute.org/variant/rs149598033?dataset=gnomad_r4
RHD,Rh (RHD),RHD,chr1,plus,004,c.486+2T>A,D-negative,,Intron 3 donor +2,RHD-NC-023,IVS3+2T>A,Splice Site - Donor (canonical),SNV,chr1:25290793 T>A,rs1307580717,T,A,RHD*01EL.09 (RHD*DEL9),Loss of invariant donor +2 → complete splicing failure,Serological + molecular,N/A (serology/sequencing only),German,N/A (not in gnomAD),N/A,N/A,Not available,NOT FEASIBLE,NOT FEASIBLE,N/A: transversion T→A,N/A,2008,RhesusBase; ISBT v6.4,http://www.rhesusbase.info,LIKELY VALID,https://gnomad.broadinstitute.org/variant/rs1307580717?dataset=gnomad_r4
RHD,Rh (RHD),RHD,chr1,plus,004,c.634+1G>T,D-negative,,Intron 4 donor +1,RHD-NC-024,IVS4+1G>T,Splice Site - Donor (canonical),SNV,chr1:25301094 G>T,N/A,G,T,RHD*01N.68,Loss of GT donor splice site,Serological + molecular,N/A (serology/sequencing only),Various,N/A (not in gnomAD),N/A,N/A,Not available,NOT FEASIBLE,NOT FEASIBLE,N/A: transversion G→T,N/A,2014,ISBT v6.4,https://www.isbtweb.org,FLAGGED: manual review,https://gnomad.broadinstitute.org/variant/1-25301094-G-T?dataset=gnomad_r4
RHD,Rh (RHD),RHD,chr1,plus,004,c.634+1G>A,D-negative,,Intron 4 donor +1,RHD-NC-025,IVS4+1G>A (also c.601+1G>A),Splice Site - Donor (canonical),SNV,chr1:25301094 G>A,rs751341830,G,A,RHD*01N (novel),Loss of GT donor → exon 5 skipping; SMRT confirmed,Serological + molecular,N/A (serology/sequencing only),Chinese,N/A (not in gnomAD),N/A,N/A,Not available,MEDIUM,MEDIUM,Guide design needed (CBE creates IVS4+1 G>A; ABE corrects A→G),Unknown: sequence lookup needed,2025,"Li 2025, Transfusion",https://pubmed.ncbi.nlm.nih.gov/40910776/,VERIFIED,https://gnomad.broadinstitute.org/variant/rs751341830?dataset=gnomad_r4
RHD,Rh (RHD),RHD,chr1,plus,004,c.634+2T>A,D-negative / DEL,,Intron 4 donor +2,RHD-NC-026,IVS4+2T>A,Splice Site - Donor (canonical),SNV,chr1:25301095 T>A,N/A,T,A,N/A,Loss of donor +2 position,Serological + molecular,N/A (serology/sequencing only),Various,N/A (not in gnomAD),N/A,N/A,Not available,NOT FEASIBLE,NOT FEASIBLE,N/A: transversion T→A,N/A,2012,RhesusBase,http://www.rhesusbase.info,LIKELY VALID,https://gnomad.broadinstitute.org/variant/1-25301095-T-A?dataset=gnomad_r4
RHD,Rh (RHD),RHD,chr1,plus,004,c.801+1G>A,D-negative,,Intron 5 donor +1,RHD-NC-027,IVS5+1G>A,Splice Site - Donor (canonical),SNV,chr1:25301687 G>A,rs1399683971,G,A,RHD*01N.54,Loss of GT donor splice site,Serological + molecular,N/A (serology/sequencing only),Various,~1.6×10⁻⁶ (exome),0,0,Not available,MEDIUM,NOT FEASIBLE,Guide design needed (CBE rev strand; G at 25301687),Unknown: sequence lookup needed,2012,RhesusBase; ISBT v6.4,http://www.rhesusbase.info,LIKELY VALID,https://gnomad.broadinstitute.org/variant/rs1399683971?dataset=gnomad_r4
RHD,Rh (RHD),RHD,chr1,plus,004,c.801+2T>A,D-negative / DEL (expected),,Intron 5 donor +2,RHD-NC-028,IVS5+2T>A,Splice Site - Donor (canonical),SNV,chr1:25301688 T>A,N/A,T,A,N/A,Loss of donor +2 position,Serological + molecular,N/A (serology/sequencing only),Various,N/A (not in gnomAD),N/A,N/A,Not available,NOT FEASIBLE,NOT FEASIBLE,N/A: transversion T→A,N/A,2012,RhesusBase,http://www.rhesusbase.info,LIKELY VALID,https://gnomad.broadinstitute.org/variant/1-25301688-T-A?dataset=gnomad_r4
RHD,Rh (RHD),RHD,chr1,plus,004,c.939+1G>A,D-negative,,Intron 6 donor +1,RHD-NC-029,IVS6+1G>A,Splice Site - Donor (canonical),SNV,chr1:25303460 G>A,N/A,G,A,RHD*01N.55,Loss of GT donor splice site,Serological + molecular,N/A (serology/sequencing only),Various,N/A (not in gnomAD),N/A,N/A,Not available,MEDIUM,MEDIUM,Guide design needed (CBE creates IVS6+1 G>A; ABE corrects A→G),Unknown: sequence lookup needed,2014,RhesusBase; ISBT v6.4,http://www.rhesusbase.info,LIKELY VALID,https://gnomad.broadinstitute.org/variant/1-25303460-G-A?dataset=gnomad_r4
RHD,Rh (RHD),RHD,chr1,plus,004,c.939+2T>A,D-negative,,Intron 6 donor +2,RHD-NC-030,IVS6+2T>A,Splice Site - Donor (canonical),SNV,chr1:25303461 T>A,N/A,T,A,RHD*01N.38,Loss of donor +2 position,Serological + molecular,N/A (serology/sequencing only),Various,N/A (not in gnomAD),N/A,N/A,Not available,NOT FEASIBLE,NOT FEASIBLE,N/A: transversion T→A,N/A,2013,RhesusBase; ISBT v6.4,http://www.rhesusbase.info,LIKELY VALID,https://gnomad.broadinstitute.org/variant/1-25303461-T-A?dataset=gnomad_r4
RHD,Rh (RHD),RHD,chr1,plus,004,c.939+2_939+5delTAAG,D-negative,,Intron 6 donor +2–+5 deletion,RHD-NC-031,IVS6+2del TAAG,Splice Site - Donor (canonical),Small Deletion (indel),chr1:25303461_25303464del,N/A,TAAG,del,RHD*01N.27,Deletion of donor +2 to +5 nucleotides,Serological + molecular,N/A (serology/sequencing only),Various,N/A (not in gnomAD),N/A,N/A,Not available,N/A,N/A,N/A: deletion (4 bp),N/A,2010,ISBT v6.4,https://www.isbtweb.org,FLAGGED: manual review,https://gnomad.broadinstitute.org/variant/1-25303461-TAAG-DEL?dataset=gnomad_r4
RHD,Rh (RHD),RHD,chr1,plus,004,c.1073+1G>A,D-negative (expected),,Intron 7 donor +1,RHD-NC-032,IVS7+1G>A,Splice Site - Donor (canonical),SNV,chr1:25306730 G>A,N/A,G,A,N/A,Loss of GT donor splice site,Serological + molecular,N/A (serology/sequencing only),N/A,N/A (not in gnomAD),N/A,N/A,Not available,MEDIUM,MEDIUM,Guide design needed (CBE creates IVS7+1 G>A; ABE corrects),Unknown: sequence lookup needed,2016,RhesusBase,http://www.rhesusbase.info,LIKELY VALID,https://gnomad.broadinstitute.org/variant/1-25306730-G-A?dataset=gnomad_r4
RHD,Rh (RHD),RHD,chr1,plus,004,c.1073+1G>T,D-negative,,Intron 7 donor +1,RHD-NC-033,IVS7+1G>T,Splice Site - Donor (canonical),SNV,chr1:25306730 G>T,N/A,G,T,RHD*01N.70,Loss of GT donor splice site,Serological + molecular,N/A (serology/sequencing only),Various,N/A (not in gnomAD),N/A,N/A,Not available,NOT FEASIBLE,NOT FEASIBLE,N/A: transversion G→T,N/A,2014,RhesusBase; ISBT v6.4,http://www.rhesusbase.info,LIKELY VALID,https://gnomad.broadinstitute.org/variant/1-25306730-G-T?dataset=gnomad_r4
RHD,Rh (RHD),RHD,chr1,plus,004,c.1073+2T>C,D-negative,,Intron 7 donor +2,RHD-NC-034,IVS7+2T>C,Splice Site - Donor (canonical),SNV,chr1:25306731 T>C,N/A,T,C,RHD*01N.56,Loss of donor +2 position,Serological + molecular,N/A (serology/sequencing only),Various,~3.2×10⁻⁶ (exome),0,0,Not available,NOT FEASIBLE,MEDIUM,ABE: Guide design needed (T→C on + strand = A→G on − strand; ABE rev/minus guide). T→C is NOT a CBE target,Unknown: sequence lookup needed,2012,RhesusBase; ISBT v6.4,http://www.rhesusbase.info,LIKELY VALID,https://gnomad.broadinstitute.org/variant/1-25306731-T-C?dataset=gnomad_r4
RHD,Rh (RHD),RHD,chr1,plus,004,c.1153+1G>A,D-negative,,Intron 8 donor +1,RHD-NC-035,IVS8+1G>A,Splice Site - Donor (canonical),SNV,chr1:25317080 G>A,rs1292183494,G,A,RHD*01N.26,Loss of GT donor → exon 8 skipping,Serological + molecular,N/A (serology/sequencing only),Various,N/A (not in gnomAD),N/A,N/A,Not available,MEDIUM,MEDIUM,Guide design needed (CBE creates IVS8+1 G>A; ABE corrects),Unknown: sequence lookup needed,2001,RhesusBase; ISBT v6.4,http://www.rhesusbase.info,LIKELY VALID,https://gnomad.broadinstitute.org/variant/rs1292183494?dataset=gnomad_r4
RHD,Rh (RHD),RHD,chr1,plus,004,c.1227+2T>C,D-negative,,Intron 9 donor +2,RHD-NC-036,IVS9+2T>C,Splice Site - Donor (canonical),SNV,chr1:25321964 T>C,N/A,T,C,"Novel (2025, Korean)",Loss of donor +2 → exon 9 skipping; SpliceAI Δ=0.90,Serological + molecular,N/A (serology/sequencing only),Korean,N/A (not in gnomAD),N/A,N/A,Not available,NOT FEASIBLE,MEDIUM,ABE: Guide design needed (T→C on + strand = A→G on − strand; ABE rev/minus guide),Unknown: sequence lookup needed,2025,"Lee 2025, Transfusion",https://pmc.ncbi.nlm.nih.gov/articles/PMC12432814/,VERIFIED,https://gnomad.broadinstitute.org/variant/1-25321964-T-C?dataset=gnomad_r4
RHD,Rh (RHD),RHD,chr1,plus,004,c.336-1G>A,D-negative,,Intron 2 acceptor -1,RHD-NC-037,IVS2-1G>A,Splice Site - Acceptor (canonical),SNV,chr1:25290640 G>A,N/A,G,A,RHD*01N.25,Loss of invariant AG acceptor splice site,Serological + molecular,N/A (serology/sequencing only),Various,N/A (not in gnomAD),N/A,N/A,Not available,MEDIUM,MEDIUM,Guide design needed (CBE creates IVS3−1 G>A; ABE corrects A→G),Unknown: sequence lookup needed,2007,RhesusBase; ISBT v6.4,http://www.rhesusbase.info,LIKELY VALID,https://gnomad.broadinstitute.org/variant/1-25290640-G-A?dataset=gnomad_r4
RHD,Rh (RHD),RHD,chr1,plus,004,c.336-2A>G,DEL,,Intron 2 acceptor -2,RHD-NC-038,IVS2-2A>G,Splice Site - Acceptor (canonical),SNV,chr1:25290639 A>G,rs1187956199,A,G,RHD*01EL.33 (RHD*DEL33),Loss of AG acceptor → residual splice product,Serological + molecular,N/A (serology/sequencing only),Various (predominantly EUR),1.53×10⁻⁵,0,3.12×10⁻⁵,~4.0×10⁻⁶ (exome),NOT FEASIBLE,MEDIUM,ABE: Guide design needed (A→G direct fwd strand target at IVS3−2),Unknown: sequence lookup needed,2011,RhesusBase; ISBT v6.4,http://www.rhesusbase.info,LIKELY VALID,https://gnomad.broadinstitute.org/variant/rs1187956199?dataset=gnomad_r4
RHD,Rh (RHD),RHD,chr1,plus,004,c.336-2delA,DEL / Partial D,,Intron 2 acceptor -2 deletion,RHD-NC-039,IVS2-2delA,Splice Site - Acceptor (canonical),Small Deletion (indel),chr1:25290639 A>del,N/A,A,del,RHD*53 / RHD*01EL.22,Deletion at invariant acceptor -2 position,Serological + molecular,N/A (serology/sequencing only),Australian,N/A (not in gnomAD),N/A,N/A,Not available,N/A,N/A,N/A: deletion at acceptor −2,N/A,2013,"Scott 2014, Transfusion (PMID 24894016)",https://pubmed.ncbi.nlm.nih.gov/24894016/,CORRECTED: ref Fichou→Scott 2014,https://gnomad.broadinstitute.org/variant/1-25290639-A-DEL?dataset=gnomad_r4
RHD,Rh (RHD),RHD,chr1,plus,004,c.635-2A>G,DEL / weakened D,,Intron 4 acceptor -2,RHD-NC-040,IVS4-2A>G,Splice Site - Acceptor (canonical),SNV,chr1:25301518 A>G,rs1643383392,A,G,RHD*01EL.19 (RHD*DEL19),Loss of AG acceptor splice site,Serological + molecular,N/A (serology/sequencing only),Various,N/A (not in gnomAD),N/A,N/A,Not available,NOT FEASIBLE,MEDIUM,CORRECTED: A→G IS a direct ABE forward-strand target at IVS4−2. Guide design needed. Prior assessment error.,Unknown: sequence lookup needed,2010,RhesusBase; ISBT v6.4,http://www.rhesusbase.info,LIKELY VALID,https://gnomad.broadinstitute.org/variant/rs1643383392?dataset=gnomad_r4
RHD,Rh (RHD),RHD,chr1,plus,004,c.635-2A>C,Partial D,,Intron 4 acceptor -2,RHD-NC-041,IVS4-2A>C,Splice Site - Acceptor (canonical),SNV,chr1:25301518 A>C,N/A,A,C,RHD*54,"Loss of AG acceptor → partial splicing, epitope loss",Serological + molecular,N/A (serology/sequencing only),Various,N/A (not in gnomAD),N/A,N/A,Not available,NOT FEASIBLE,NOT FEASIBLE,N/A: transversion A→C,N/A,2014,RhesusBase; ISBT v6.4,http://www.rhesusbase.info,LIKELY VALID,https://gnomad.broadinstitute.org/variant/1-25301518-A-C?dataset=gnomad_r4
RHD,Rh (RHD),RHD,chr1,plus,004,c.802-1G>C,D-negative,,Intron 5 acceptor -1,RHD-NC-042,IVS5-1G>C,Splice Site - Acceptor (canonical),SNV,chr1:25303321 G>C,N/A,G,C,Novel (2025),AG→AC at invariant acceptor -1; abolishes exon 6 splicing,Serological + molecular,N/A (serology/sequencing only),Chinese,N/A (not in gnomAD),N/A,N/A,Not available,NOT FEASIBLE,NOT FEASIBLE,N/A: transversion G→C,N/A,2025,"Mo 2025, Transfusion Medicine",https://pubmed.ncbi.nlm.nih.gov/41051357/,VERIFIED,https://gnomad.broadinstitute.org/variant/1-25303321-G-C?dataset=gnomad_r4
RHD,Rh (RHD),RHD,chr1,plus,004,c.1074-1G>A,D-negative (expected),,Intron 7 acceptor -1,RHD-NC-043,IVS7-1G>A,Splice Site - Acceptor (canonical),SNV,chr1:25316999 G>A,N/A,G,A,RHD*01N.71,Loss of AG acceptor splice site,Serological + molecular,N/A (serology/sequencing only),Various,N/A (not in gnomAD),N/A,N/A,Not available,MEDIUM,MEDIUM,Guide design needed (CBE creates IVS7−1 G>A; ABE corrects),Unknown: sequence lookup needed,2014,RhesusBase; ISBT v6.4,http://www.rhesusbase.info,LIKELY VALID,https://gnomad.broadinstitute.org/variant/1-25316999-G-A?dataset=gnomad_r4
RHD,Rh (RHD),RHD,chr1,plus,004,c.1074-2A>C,D-negative (expected),,Intron 7 acceptor -2,RHD-NC-044,IVS7-2A>C,Splice Site - Acceptor (canonical),SNV,chr1:25316998 A>C,N/A,A,C,RHD*01N.81,Loss of AG acceptor splice site,Serological + molecular,N/A (serology/sequencing only),Various,N/A (not in gnomAD),N/A,N/A,Not available,NOT FEASIBLE,NOT FEASIBLE,N/A: transversion A→C,N/A,2011,RhesusBase; ISBT v6.4,http://www.rhesusbase.info,LIKELY VALID,https://gnomad.broadinstitute.org/variant/1-25316998-A-C?dataset=gnomad_r4
RHD,Rh (RHD),RHD,chr1,plus,004,c.1154-2A>T,D-negative,,Intron 8 acceptor -2,RHD-NC-045,IVS8-2A>T,Splice Site - Acceptor (canonical),SNV,chr1:25321887 A>T,N/A,A,T,Novel (2025),AG→TG at invariant acceptor -2; abolishes exon 9 splicing,Serological + molecular,N/A (serology/sequencing only),Chinese,N/A (not in gnomAD),N/A,N/A,Not available,NOT FEASIBLE,NOT FEASIBLE,N/A: transversion A→T,N/A,2025,"Mo 2025, Transfusion Medicine",https://pubmed.ncbi.nlm.nih.gov/41051357/,VERIFIED,https://gnomad.broadinstitute.org/variant/1-25321887-A-T?dataset=gnomad_r4
RHD,Rh (RHD),RHD,chr1,plus,004,c.1228-1G>A,D-negative,,Intron 9 acceptor -1,RHD-NC-046,IVS9-1G>A,Splice Site - Acceptor (canonical),SNV,chr1:25328897 G>A,N/A,G,A,RHD*01N.77,Loss of AG acceptor splice site at exon 10,Serological + molecular,N/A (serology/sequencing only),Various,N/A (not in gnomAD),N/A,N/A,Not available,MEDIUM,NOT FEASIBLE,Guide design needed (CBE rev strand; G at 25328897),Unknown: sequence lookup needed,2014,RhesusBase; ISBT v6.4,http://www.rhesusbase.info,LIKELY VALID,https://gnomad.broadinstitute.org/variant/1-25328897-G-A?dataset=gnomad_r4
RHD,Rh (RHD),RHD,chr1,plus,004,c.1228-1_1248del,D-negative,,Intron 9 acceptor -1 to exon 10 deletion,RHD-NC-047,IVS9-1 to exon 10 del,Splice Site - Acceptor (canonical),Small Deletion (indel),~chr1:25328897_25328918del,N/A,N/A,del,RHD*01N.44,Acceptor -1 to exon 10 deletion,Serological + molecular,N/A (serology/sequencing only),Various,N/A (not in gnomAD),N/A,N/A,Not available,N/A,N/A,N/A: deletion,N/A,2010,ISBT v6.4,https://www.isbtweb.org,LIKELY VALID,
RHD,Rh (RHD),RHD,chr1,plus,004,c.148+3G>T,DEL / Weak D,,Intron 1 donor +3,RHD-NC-048,IVS1+3G>T,Near-Splice Intronic,SNV,chr1:25272698 G>T,N/A,G,T,N/A,Near-canonical donor weakening at +3,Serological + molecular,N/A (serology/sequencing only),Chinese,N/A (not in gnomAD),N/A,N/A,Not available,NOT FEASIBLE,NOT FEASIBLE,N/A: transversion G→T,N/A,2022,"Wen 2023, Transfusion (PMID 36382965)",https://pubmed.ncbi.nlm.nih.gov/36382965/,CORRECTED: ref Lin→Wen 2023,https://gnomad.broadinstitute.org/variant/1-25272698-G-T?dataset=gnomad_r4
RHD,Rh (RHD),RHD,chr1,plus,004,c.148+5G>C,DEL,,Intron 1 donor +5,RHD-NC-049,IVS1+5G>C,Near-Splice Intronic,SNV,chr1:25272700 G>C,N/A,G,C,RHD*01EL.21 (RHD*DEL21),Weakened donor splice site at +5,Serological + molecular,N/A (serology/sequencing only),Australian D-negative,~2.4×10⁻⁶ (exome),0,0,Not available,NOT FEASIBLE,NOT FEASIBLE,N/A: transversion G→C (confirmed prior assessment),N/A,2013,"Scott 2014, Transfusion (PMID 24894016)",https://pubmed.ncbi.nlm.nih.gov/24894016/,CORRECTED: ref Fichou→Scott 2014,https://gnomad.broadinstitute.org/variant/1-25272700-G-C?dataset=gnomad_r4
RHD,Rh (RHD),RHD,chr1,plus,004,c.486+3G>C,Weak D,,Intron 3 donor +3,RHD-NC-050,IVS3+3G>C,Near-Splice Intronic,SNV,chr1:25290794 G>C,rs1318615335,G,C,N/A,Near-canonical donor weakening; reduced normal transcript,Cell culture,HEK293 cells (ATCC CRL-1573; minigene splicing assay),Various,~8.0×10⁻⁷ (exome),0,0,Not available,NOT FEASIBLE,NOT FEASIBLE,N/A: transversion G→C,N/A,2008,"Fichou 2015, Transfusion",https://pubmed.ncbi.nlm.nih.gov/25808592/,LIKELY VALID,https://gnomad.broadinstitute.org/variant/rs1318615335?dataset=gnomad_r4
RHD,Rh (RHD),RHD,chr1,plus,004,c.486+5G>A,Weak D,,Intron 3 donor +5,RHD-NC-051,IVS3+5G>A,Near-Splice Intronic,SNV,chr1:25290796 G>A,N/A,G,A,N/A,Weakened donor splice site,Serological + molecular,N/A (serology/sequencing only),Various,N/A (not in gnomAD),N/A,N/A,Not available,MEDIUM,NOT FEASIBLE,Guide design needed (CBE rev strand; G at 25290796),Unknown: sequence lookup needed,2007,RhesusBase,http://www.rhesusbase.info,LIKELY VALID,https://gnomad.broadinstitute.org/variant/1-25290796-G-A?dataset=gnomad_r4
RHD,Rh (RHD),RHD,chr1,plus,004,c.487-3G>A,D-negative (compound het with DAR1.2),,Intron 3 acceptor -3,RHD-NC-052,IVS3-3G>A,Near-Splice Intronic,SNV,~chr1:25300943 G>A,N/A,G,A,RHD*01(487-3G) (novel 2024),Acceptor region disruption at -3 position,Serological + molecular,N/A (serology/sequencing only),N/A,N/A (not in gnomAD),N/A,N/A,Not available,MEDIUM,NOT FEASIBLE,Guide design needed (CBE rev strand; G at ~25300943),Unknown: sequence lookup needed,2024,"Cezar-Schmidt 2025, Transfusion",https://pubmed.ncbi.nlm.nih.gov/39529456/,VERIFIED,
RHD,Rh (RHD),RHD,chr1,plus,004,c.634+5G>T,DEL / weakened D,,Intron 4 donor +5,RHD-NC-053,IVS4+5G>T,Near-Splice Intronic,SNV,chr1:25301098 G>T,N/A,G,T,RHD*01EL.14 (RHD*DEL14),Weakened donor splice site,Cell culture,Not specified (serology + sequencing only; bioinformatics),Chinese,N/A (not in gnomAD),N/A,N/A,Not available,NOT FEASIBLE,NOT FEASIBLE,N/A: transversion G→T,N/A,2010,RhesusBase; ISBT v6.4,http://www.rhesusbase.info,LIKELY VALID,https://gnomad.broadinstitute.org/variant/1-25301098-G-T?dataset=gnomad_r4
RHD,Rh (RHD),RHD,chr1,plus,004,c.634+5G>A,Weak D,,Intron 4 donor +5,RHD-NC-054,IVS4+5G>A,Near-Splice Intronic,SNV,chr1:25301098 G>A,N/A,G,A,N/A,Weakened donor splice site → mixed transcripts,Cell culture,Not specified (serology + sequencing + bioinformatics; Ye/Liu 2013),Chinese,N/A (not in gnomAD),N/A,N/A,Not available,MEDIUM,NOT FEASIBLE,CORRECTED: G→A at IVS4+5 IS CBE-feasible via minus-strand guide. Guide design needed. Prior NOT FEASIBLE was incorrect.,Unknown: sequence lookup needed,2009,"Ye 2013, Transfusion (PMID 23216299)",https://pubmed.ncbi.nlm.nih.gov/23216299/,CORRECTED: ref Liu→Ye 2013,https://gnomad.broadinstitute.org/variant/1-25301098-G-A?dataset=gnomad_r4
RHD,Rh (RHD),RHD,chr1,plus,004,c.939+3A>C,Not reported,,Intron 6 donor +3,RHD-NC-055,IVS6+3A>C,Near-Splice Intronic,SNV,chr1:25303462 A>C,N/A,A,C,N/A,Near-canonical donor; +3 disruption,In silico / Not validated,N/A (in silico only),N/A,N/A (not in gnomAD),N/A,N/A,Not available,NOT FEASIBLE,NOT FEASIBLE,N/A: transversion A→C,N/A,2017,RhesusBase,http://www.rhesusbase.info,LIKELY VALID,https://gnomad.broadinstitute.org/variant/1-25303462-A-C?dataset=gnomad_r4
RHD,Rh (RHD),RHD,chr1,plus,004,c.940-4A>C,Weak D,,Intron 6 acceptor -4,RHD-NC-056,IVS6-4A>C,Near-Splice Intronic,SNV,~chr1:25306592 A>C,N/A,A,C,N/A,Weakened acceptor region splice site,Cell culture,HEK293 cells (ATCC CRL-1573; minigene splicing assay),Various,N/A (not in gnomAD),N/A,N/A,Not available,NOT FEASIBLE,NOT FEASIBLE,N/A: transversion A→C,N/A,2012,"Fichou 2015, Transfusion",https://pubmed.ncbi.nlm.nih.gov/25808592/,LIKELY VALID,
RHD,Rh (RHD),RHD,chr1,plus,004,c.1153+6T>C,Weak D,,Intron 8 donor +6,RHD-NC-057,IVS8+6T>C,Near-Splice Intronic,SNV,chr1:25317085 T>C,N/A,T,C,N/A,Weakened donor splice site → mixed transcripts,Cell culture,HEK293 cells (ATCC CRL-1573; minigene splicing assay),Various,N/A (not in gnomAD),N/A,N/A,Not available,NOT FEASIBLE,MEDIUM,CORRECTED: T→C on + strand = A→G on − strand = ABE minus-strand target. Guide design needed. Prior NOT FEASIBLE was incorrect.,Unknown: sequence lookup needed,2012,"Fichou 2015, Transfusion",https://pubmed.ncbi.nlm.nih.gov/25808592/,LIKELY VALID,https://gnomad.broadinstitute.org/variant/1-25317085-T-C?dataset=gnomad_r4
RHD,Rh (RHD),RHD,chr1,plus,004,c.1154-8T>A,DEL / weakened D,,Intron 8 polypyrimidine tract,RHD-NC-058,IVS8-8T>A,Near-Splice Intronic,SNV,~chr1:25321881 T>A,N/A,T,A,RHD*01EL.20 (RHD*DEL20),Polypyrimidine tract weakening,Cell culture,HEK293 cells (ATCC CRL-1573; minigene splicing assay),Various,N/A (not in gnomAD),N/A,N/A,Not available,NOT FEASIBLE,NOT FEASIBLE,N/A: transversion T→A,N/A,2007,"Fichou 2015, Transfusion",https://pubmed.ncbi.nlm.nih.gov/25808592/,LIKELY VALID,
RHD,Rh (RHD),RHD,chr1,plus,004,c.1227+5G>C,Weak D / DEL-like,,Intron 9 donor +5,RHD-NC-059,IVS9+5G>C,Near-Splice Intronic,SNV,~chr1:25321967 G>C,N/A,G,C,N/A,Weakened donor splice site,Serological + molecular,N/A (serology/sequencing only),Chinese,N/A (not in gnomAD),N/A,N/A,Not available,NOT FEASIBLE,NOT FEASIBLE,N/A: transversion G→C,N/A,2019,"Wen 2023, Transfusion (PMID 36382965)",https://pubmed.ncbi.nlm.nih.gov/36382965/,CORRECTED: ref Lin→Wen 2023,
RHD,Rh (RHD),RHD,chr1,plus,004,c.149-29G>C,DEL (disputed: likely benign alone),,"Intron 1, near branch point",RHD-NC-060,IVS1-29G>C (rs2301153),Deep Intronic,SNV,chr1:25284544 G>C,rs2301153,G,C,RHD*01EL.32,Benign polymorphism; does NOT cause DEL by itself (PMID 33719044),Serological + molecular,N/A (serology/sequencing only),Various,⚠️ COMMON: 6.00×10⁻¹,2.33×10⁻¹,7.60×10⁻¹,Very high,NOT FEASIBLE,NOT FEASIBLE,N/A: transversion G→C,N/A,2005,"Kim 2021, Transfusion",https://pubmed.ncbi.nlm.nih.gov/33719044/,VERIFIED,https://gnomad.broadinstitute.org/variant/rs2301153?dataset=gnomad_r4
RHD,Rh (RHD),RHD,chr1,plus,004,c.149-682C>A,Background variant,,"Intron 1, deep",RHD-NC-061,N/A,Deep Intronic,SNV,~chr1:25283891 C>A,N/A,C,A,N/A,No splicing effect by in silico; background variant,In silico / Not validated,N/A (in silico only),Moroccan,N/A (not in gnomAD),N/A,N/A,Not available,NOT FEASIBLE,NOT FEASIBLE,N/A: transversion C→A,N/A,2017,"El Wafi 2017, Vox Sang",https://pubmed.ncbi.nlm.nih.gov/28960314/,LIKELY VALID,
RHD,Rh (RHD),RHD,chr1,plus,004,c.149-2632T>A,Very weak D,,"Intron 1, 2632 bp upstream of exon 2",RHD-NC-062,N/A,Deep Intronic,SNV,~chr1:25281941 T>A,N/A,T,A,N/A,Aberrant transcription; very weak D phenotype,Serological + molecular,N/A (serology/sequencing only),European,N/A (not in gnomAD),N/A,N/A,Not available,NOT FEASIBLE,NOT FEASIBLE,N/A: transversion T→A,N/A,2022,"Floch 2022, Transfusion",https://pubmed.ncbi.nlm.nih.gov/34936100/,VERIFIED,
RHD,Rh (RHD),RHD,chr1,plus,004,c.487-256T>G,D-negative (aberrant splicing predicted),,"Intron 3, deep",RHD-NC-063,N/A,Deep Intronic,SNV,~chr1:25300690 T>G,N/A,T,G,N/A,Deep intronic; aberrant splicing predicted,In silico / Not validated,N/A (in silico only),Moroccan,N/A (not in gnomAD),N/A,N/A,Not available,NOT FEASIBLE,NOT FEASIBLE,N/A: transversion T→G,N/A,2017,"El Wafi 2017, Vox Sang",https://pubmed.ncbi.nlm.nih.gov/28960314/,LIKELY VALID,
RHD,Rh (RHD),RHD,chr1,plus,004,c.487-1024delG,D-negative (aberrant splicing predicted),,"Intron 3, deep",RHD-NC-064,N/A,Deep Intronic,Small Deletion (indel),~chr1:25299922 G>del,N/A,G,del,N/A,Deep intronic deletion,In silico / Not validated,N/A (in silico only),Moroccan,N/A (not in gnomAD),N/A,N/A,Not available,N/A,N/A,N/A: deletion,N/A,2017,"El Wafi 2017, Vox Sang",https://pubmed.ncbi.nlm.nih.gov/28960314/,LIKELY VALID,
RHD,Rh (RHD),RHD,chr1,plus,004,c.802-41_802-38delCTCT,DEL,,"Intron 5, deep",RHD-NC-065,IVS5-38del4; Full allele RHD*01N.58 includes co-change c.1157T>A,Deep Intronic,Small Deletion (indel),~chr1:25301479_25301482del,N/A,CTCT,del,RHD*01EL.35,Intronic 4-bp deletion,Serological + molecular,N/A (serology/sequencing only),Various,N/A (not in gnomAD),N/A,N/A,Not available,N/A,N/A,N/A: deletion (4 bp),N/A,2012,ISBT v6.4; RhesusBase,http://www.rhesusbase.info,CORRECTED: duplicate NC-066 removed; co-change note added,
RHD,Rh (RHD),RHD,chr1,plus,004,c.802-37delA,Carrier (likely neutral),,"Intron 5, deep",RHD-NC-067,N/A,Deep Intronic,Small Deletion (indel),~chr1:25301483 A>del,N/A,A,del,N/A,No splicing effect by in silico; likely neutral,In silico / Not validated,N/A (in silico only),Moroccan,N/A (not in gnomAD),N/A,N/A,Not available,N/A,N/A,N/A: deletion (1 bp),N/A,2017,"El Wafi 2017, Vox Sang",https://pubmed.ncbi.nlm.nih.gov/28960314/,LIKELY VALID,
RHD,Rh (RHD),RHD,chr1,plus,004,c.940-16_940-14delTAA,Weak D,,"Intron 6, near acceptor",RHD-NC-068,IVS6-14del3,Deep Intronic,Small Deletion (indel),~chr1:25306580_25306582del,N/A,TAA,del,N/A,Near-acceptor 3-bp deletion,Cell culture,Not specified (serology + sequencing; Ye/Liu 2013),N/A,N/A (not in gnomAD),N/A,N/A,Not available,N/A,N/A,N/A: deletion (3 bp),N/A,2013,"Ye 2013, Transfusion",https://pubmed.ncbi.nlm.nih.gov/23216299/,VERIFIED,
RHD,Rh (RHD),RHD,chr1,plus,004,c.940-187_940-188del,D-negative (aberrant splicing predicted),,"Intron 6, deep",RHD-NC-069,N/A,Deep Intronic,Small Deletion (indel),~chr1:25306409 2bp del,N/A,N/A,del,N/A,Deep intronic deletion,In silico / Not validated,N/A (in silico only),Moroccan,N/A (not in gnomAD),N/A,N/A,Not available,N/A,N/A,N/A: deletion (2 bp),N/A,2017,"El Wafi 2017, Vox Sang",https://pubmed.ncbi.nlm.nih.gov/28960314/,LIKELY VALID,
RHD,Rh (RHD),RHD,chr1,plus,004,c.939+1151dup,Background variant,,"Intron 6, deep",RHD-NC-070,N/A,Deep Intronic,Intronic Duplication,~chr1:25304611 dup,N/A,N/A,dup,N/A,No splicing effect by in silico,In silico / Not validated,N/A (in silico only),Moroccan,N/A (not in gnomAD),N/A,N/A,Not available,N/A,N/A,N/A: intronic duplication,N/A,2017,"El Wafi 2017, Vox Sang",https://pubmed.ncbi.nlm.nih.gov/28960314/,LIKELY VALID,
RHD,Rh (RHD),RHD,chr1,plus,004,c.1073+152C>A,DEL (compound only),,"Intron 7, deep (+152)",RHD-NC-071,IVS7+152C>A,Deep Intronic,SNV,chr1:25306881 C>A,rs41307824,C,A,RHD*01EL.36 (compound only),Deep intronic; DEL only in compound with c.1227G>A,Serological + molecular,N/A (serology/sequencing only),Various,⚠️ COMMON: 1.24×10⁻²,2.52×10⁻²,4.74×10⁻³,~6.2×10⁻³ (exome),NOT FEASIBLE,NOT FEASIBLE,N/A: transversion C→A,N/A,2008,RhesusBase; ISBT v6.4,http://www.rhesusbase.info,LIKELY VALID,https://gnomad.broadinstitute.org/variant/rs41307824?dataset=gnomad_r4
RHD,Rh (RHD),RHD,chr1,plus,004,c.1073+923C>T,Haplotype marker,,"Intron 7, deep (+923)",RHD-NC-072,IVS7+923C>T,Deep Intronic,SNV,chr1:25307652 C>T,rs1337868434,C,T,N/A,Deep intronic haplotype marker,In silico / Not validated,N/A (in silico only),N/A,N/A (not in gnomAD),N/A,N/A,Not available,MEDIUM,NOT FEASIBLE,Guide design needed (CBE fwd strand; C→T at chr1:25307652),Unknown: sequence lookup needed,2010,RhesusBase,http://www.rhesusbase.info,LIKELY VALID,https://gnomad.broadinstitute.org/variant/rs1337868434?dataset=gnomad_r4
RHD,Rh (RHD),RHD,chr1,plus,004,c.1154-31C>T,DEL (disputed: common polymorphism),,"Intron 8, deep",RHD-NC-073,IVS8-31C>T (rs28669938),Deep Intronic,SNV,chr1:25321858 C>T,rs28669938,C,T,RHD*01EL.37,Common variant; no exon skipping in splicing assays,Serological + molecular,N/A (serology/sequencing only),Various,⚠️ COMMON: 2.25×10⁻¹,1.75×10⁻¹,2.48×10⁻¹,~0.247 (exome),MEDIUM,NOT FEASIBLE,Guide design needed (CBE fwd strand; C→T at 25321858). NOTE: this is a very common polymorphism (AF=0.22); not a disease-associated edit target,Unknown: sequence lookup needed,2008,RhesusBase; ISBT v6.4,http://www.rhesusbase.info,LIKELY VALID,https://gnomad.broadinstitute.org/variant/rs28669938?dataset=gnomad_r4
RHD,Rh (RHD),RHD,chr1,plus,004,rs675072 G>A,Haplotype modifier (~2× enhancer boost),,"Intron 2, open chromatin / GATA1 motif enhancer",RHD-NC-074,Intron 2 GATA1 enhancer,Deep Intronic,SNV,chr1:25285089 G>A,rs675072,G,A,N/A,R² haplotype-specific; ~2-fold enhancement of intron 2 enhancer,Cell culture,HEL cells (luciferase reporter with 617-bp intron 2 insert + RHD promoter in pGL3-basic),Various,N/A (not in gnomAD),N/A,N/A,Not available,MEDIUM,NOT FEASIBLE,Guide design needed (CBE rev strand; G at 25285089; rs675072 G>A in GATA1 enhancer region),Unknown: sequence lookup needed,2018,"Tounsi 2018, Blood Advances",https://pmc.ncbi.nlm.nih.gov/articles/PMC6199663/,VERIFIED,https://gnomad.broadinstitute.org/variant/rs675072?dataset=gnomad_r4
RHD,Rh (RHD),RHD,chr1,plus,004,c.*93A>G,Uncertain,,"3'UTR, 93 bp downstream of stop codon",RHD-NC-075,RHD(1347A>G),3'UTR,SNV,chr1:25329017 A>G,rs112146441,A,G,N/A,3'UTR variant; phenotype unclear,Serological + molecular,N/A (serology/sequencing only),African (5.6% AFR; rare in EUR),⚠️ COMMON: 1.71×10⁻²,5.55×10⁻²,4.68×10⁻⁵,~1.87×10⁻³ (exome),NOT FEASIBLE,MEDIUM,ABE: Guide design needed (A→G direct fwd strand at 3'UTR; chr1:25329017),Unknown: sequence lookup needed,2003,RhesusBase,http://www.rhesusbase.info,LIKELY VALID,https://gnomad.broadinstitute.org/variant/rs112146441?dataset=gnomad_r4
RHD,Rh (RHD),RHD,chr1,plus,004,c.*6C>G,Weakened D expression,,Near 3'UTR / last exon,RHD-NC-076,RHD(1269G>C),3'UTR,SNV,~chr1:25328930 C>G,N/A,C,G,N/A,3'UTR/last exon variant; weakened expression,Serological + molecular,N/A (serology/sequencing only),N/A,N/A (not in gnomAD),N/A,N/A,Not available,NOT FEASIBLE,NOT FEASIBLE,N/A: transversion C→G,N/A,2012,RhesusBase,http://www.rhesusbase.info,LIKELY VALID,
RHD,Rh (RHD),RHD,chr1,plus,004,c.1227+2872_1254+1317del5405,D-negative,,Intron 9 to 3' region deletion,RHD-NC-077,Exon 10 region deletion,Structural/Deletion,Large Structural Deletion,~chr1:25324834–25330229 del,N/A,N/A,del,N/A,Large deletion around exon 10 region,Serological + molecular,N/A (serology/sequencing only),N/A,N/A,N/A,N/A,Not available,N/A,N/A,N/A: large structural deletion,N/A,2012,RhesusBase,http://www.rhesusbase.info,FLAGGED: manual review,
RHD,Rh (RHD),RHD,chr1,plus,004,c.1227+2108_1254+2785del,D-negative,,Intron 9 to 3'UTR deletion,RHD-NC-078,Intron 9/3' deletion,Structural/Deletion,Large Structural Deletion,~chr1:25324070–25331709 del,N/A,N/A,del,N/A,Large deletion intron 9 to 3' region,Serological + molecular,N/A (serology/sequencing only),N/A,N/A,N/A,N/A,Not available,N/A,N/A,N/A: large structural deletion,N/A,2012,RhesusBase,http://www.rhesusbase.info,FLAGGED: manual review,
RHCE,Rh (RHCE),RHCE,chr1,minus,004,c.1-111A>G,"D−− (loss of C, c, E, e antigens)",RHCE*Ce,Proximal promoter: GATA-1 binding motif (site 2),RHCE-NC-001,RHCE(c.1-111A>G); GATA-1 motif site 2,Promoter,SNV,Not determined,N/A,A,G,,Disrupts GATA-1 binding → 72% reduction in promoter activity; EMSA-confirmed loss of TF binding,Functional,K562 (erythroid; luciferase reporter + EMSA),Chinese (Han),N/A,N/A,N/A,N/A,Not Feasible,Not Feasible,A→G transversion on transcript (RHCE minus strand); transversions not addressable by current base editors,N/A,2025,Zhang et al. Transfusion 2025;65(4):669–675 (PMID 40121670),https://pubmed.ncbi.nlm.nih.gov/40121670/,,
RHCE,Rh (RHCE),RHCE,chr1,minus,004,c.1-83A>T (approx.),hrS−/hrB− phenotype complex,RHCE*ceBI / RHCE*ceSM,5'UTR / proximal promoter: GATA-1 motif (site 1),RHCE-NC-002,5'UTR-83T; RHCE(5'UTR-83T),Promoter / 5'UTR,SNV,Not determined,N/A,A,T,,Disrupts GATA-1 binding at site 1 → reduced RH gene expression; compounds coding changes in ceBI/ceSM alleles,Functional,K562 (luciferase reporter assay),African descent,N/A,N/A,N/A,N/A,Not Feasible,Not Feasible,A→T transversion on transcript; transversions not addressable by current base editors,N/A,2017,Fennell et al. Transfusion 2017;57(11):2804–2810 (PMID 28815618),https://pubmed.ncbi.nlm.nih.gov/28815618/,,
RHCE,Rh (RHCE),RHCE,chr1,minus,004,c.1-10C>T,Weak e expression (DccEe),RHCE*ce (dce background),5'UTR (10 bp upstream of ATG start codon),RHCE-NC-003,RHce(−10C>T); RHce(5'UTR−10C>T),5'UTR,SNV,Not determined,rs369957834,C,T,,Inhibits ribosomal binding → reduced translation efficiency (Kozak context disruption); no direct functional assay performed,Inferred,N/A (serology/sequencing only),European (German),Very rare (<1×10⁻⁵; rs369957834),N/A,Very rare,N/A,Feasible,Not Feasible,C→T on transcript = G→A on reference (plus) strand (RHCE minus strand); BE4max via minus-strand guide could revert T→C (restoring C). Bystander C→T edits within ±4 bp window require careful gRNA design.,Possible within ±4 bp of edit window; gRNA design needed,2009,Döscher A et al. Transfusion 2009;49(7):1803-1811 (PMID 19453979); GenBank FM866412,https://pubmed.ncbi.nlm.nih.gov/19453979/,CORRECTED: author Bugert → Döscher; pages 1336-1349 → 1803-1811 (real citation for PMID 19453979),https://gnomad.broadinstitute.org/variant/rs369957834?dataset=gnomad_r4
RHCE,Rh (RHCE),RHCE,chr1,minus,004,c.634+4A>G,"Weak C, weak e (RH:1,2w,3,4,5w)",RHCE*Ce,Intron 4 (splice donor +4 position),RHCE-NC-004,RHCE*02(c.634+4A>G),Near-splice intronic,SNV,Not determined,N/A,A,G,,"Reduces full-length transcript abundance; normal protein from remaining transcripts; splice donor efficiency reduced at +4 position (Alamut predicted, minigene confirmed)",Functional,Minigene system (HEK293 or similar; cell line not specified in publication),Japanese,N/A,N/A,N/A,N/A,Not Feasible,Feasible,A→G on transcript = T→C on reference (plus) strand (RHCE minus strand); ABE8e via minus-strand guide. Note: ABE8e introduces A→G on minus strand = T→C on plus strand reference. Bystander A bases within ±4 bp must be evaluated.,Evaluate A bases within ±4 bp of edit window,2022,Restivo et al. Transfusion 2022;62(4):758–763 (PMID 35098548),https://pubmed.ncbi.nlm.nih.gov/35098548/,,
RHCE,Rh (RHCE),RHCE,chr1,minus,004,c.1154-2A>T,Weak/discrepant C; hrS-related phenotype,RHCE*ce,Intron 8 (splice acceptor −2),RHCE-NC-006,RHCE(IVS8-2A>T),Canonical splice,SNV,Not determined,N/A,A,T,,Destroys canonical AG splice acceptor → exon 9 skipping or cryptic splice activation,Clinical/Molecular,N/A (serology/sequencing only),Madagascar descent,N/A,N/A,N/A,N/A,Not Feasible,Not Feasible,A→T transversion on transcript (RHCE minus strand); transversions not addressable by current base editors,N/A,2022,Pedini et al. Genes 2022;13(6):1033 (PMC9222276),https://pmc.ncbi.nlm.nih.gov/articles/PMC9222276/,,
RHCE,Rh (RHCE),RHCE,chr1,minus,004,c.634+1G>T,"c−, e− (null allele); D−−",RHCE*ce,Intron 4 (splice donor +1),RHCE-NC-007,RHCE*ceN.03,Canonical splice,SNV,Not determined,N/A,G,T,,Destroys GT splice donor → exon skipping/intron retention → NMD,Clinical/Molecular,N/A (serology/sequencing only),Not specified,N/A,N/A,N/A,N/A,Not Feasible,Not Feasible,G→T transversion on transcript (RHCE minus strand); transversions not addressable by current base editors,N/A,1998,"Chérif-Zahar B et al., Blood 1998 (PMID 9657766)",https://pubmed.ncbi.nlm.nih.gov/9657766/,CORRECTED: author Huang → Chérif-Zahar (real first author of PMID 9657766),
RHCE,Rh (RHCE),RHCE,chr1,minus,004,c.335+3A>T,"c−, e−, Rh17− (null)",RHCE*ce,Intron 2 (splice donor +3),RHCE-NC-008,RHCE*ceN.05,Near-canonical splice,SNV,Not determined,N/A,A,T,,Near-canonical splice donor disruption at +3 → aberrant splicing,Clinical/Molecular,N/A (serology/sequencing only),Not specified,N/A,N/A,N/A,N/A,Not Feasible,Not Feasible,A→T transversion on transcript (RHCE minus strand); transversions not addressable by current base editors,N/A,2018,PMID 30284287,https://pubmed.ncbi.nlm.nih.gov/30284287/,,
RHCE,Rh (RHCE),RHCE,chr1,minus,004,c.1074-2A>G,c− (null for c antigen),RHCE*ce,Intron 7 (splice acceptor −2),RHCE-NC-009,RHCE*ceN.07,Canonical splice,SNV,Not determined,N/A,A,G,,Destroys canonical AG splice acceptor → exon 8 skipping,Clinical/Molecular,N/A (serology/sequencing only),Not specified,N/A,N/A,N/A,N/A,Not Feasible,Feasible,A→G on transcript = T→C on reference (plus) strand (RHCE minus strand); ABE8e via minus-strand guide. Bystander A bases within ±4 bp window must be assessed.,Evaluate A bases within ±4 bp of edit window,2013,PMID 23252593,https://pubmed.ncbi.nlm.nih.gov/23252593/,,
RHCE,Rh (RHCE),RHCE,chr1,minus,004,c.801+1G>A,"c−, e−, Rh17− (null)",RHCE*ce,Intron 5 (splice donor +1),RHCE-NC-010,RHCE*ceN.08,Canonical splice,SNV,Not determined,N/A,G,A,,Destroys GT splice donor → exon skipping/intron retention,Clinical/Molecular,N/A (serology/sequencing only),Not specified,N/A,N/A,N/A,N/A,Feasible,Not Feasible,G→A on transcript = C→T on reference (plus) strand (RHCE minus strand); BE4max via minus-strand guide could introduce C→T on plus strand (G→A on transcript). GenBank KY229720.,Evaluate C bases within ±4 bp of edit window on plus strand,2017,PMID 28470789; GenBank KY229720,https://pubmed.ncbi.nlm.nih.gov/28470789/,,
RHCE,Rh (RHCE),RHCE,chr1,minus,004,c.1154-1G>A,"c−, e− (null; D−−)",RHCE*ce,Intron 8 (splice acceptor −1),RHCE-NC-011,N/A,Canonical splice,SNV,Not determined,N/A,G,A,,Destroys canonical G at −1 of splice acceptor → exon 9 skipping,Provisional (abstract only),N/A (serology/sequencing only),Not specified,N/A,N/A,N/A,N/A,Feasible,Not Feasible,G→A on transcript = C→T on reference (plus) strand (RHCE minus strand); BE4max via minus-strand guide. Abstract-only: confirm gRNA design pending full publication.,Evaluate C bases within ±4 bp; pending full publication,N/A,ISBT table ref (10); abstract: full text inaccessible,N/A,,
RHCE,Rh (RHCE),RHCE,chr1,minus,004,c.486+1G>A,"C−, e− (null)",RHCE*Ce (also reported on ce),Intron 3 (splice donor +1),RHCE-NC-012,RHCE*02N.03 / RHCE*01N.13,Canonical splice,SNV,Not determined,rs753832633,G,A,,Destroys GT splice donor → exon skipping/intron retention,Clinical/Molecular,N/A (serology/sequencing only),Not specified,Very rare (rs753832633),N/A,Very rare,N/A,Feasible,Not Feasible,G→A on transcript = C→T on reference (plus) strand (RHCE minus strand); BE4max via minus-strand guide. RHCE*01N.13 provisional (partially sequenced).,Evaluate C bases within ±4 bp of edit window,2018,PMID 30284287,https://pubmed.ncbi.nlm.nih.gov/30284287/,,https://gnomad.broadinstitute.org/variant/rs753832633?dataset=gnomad_r4
RHCE,Rh (RHCE),RHCE,chr1,minus,004,c.148+5G>A,"C−, e− (null); D−− phenotype",RHCE*Ce,Intron 1 (splice donor +5),RHCE-NC-013,RHCE*CeN.06,Near-canonical splice,SNV,Not determined,rs756955857,G,A,,Near-canonical splice donor disruption at +5 → exon 1/2 junction aberrant splicing,Clinical/Molecular,N/A (serology/sequencing only),Not specified,Very rare (rs756955857),N/A,Very rare,N/A,Feasible,Not Feasible,G→A on transcript = C→T on reference (plus) strand (RHCE minus strand); BE4max via minus-strand guide. Evaluate bystander C residues within ±4 bp.,Evaluate C bases within ±4 bp of edit window,2013,Ochoa-Garay et al. Transfusion 2013;53:3018–3023 (PMID 24020803),https://pubmed.ncbi.nlm.nih.gov/24020803/,,https://gnomad.broadinstitute.org/variant/rs756955857?dataset=gnomad_r4
RHCE,Rh (RHCE),RHCE,chr1,minus,004,c.149-1G>A,E+ (expression modified; cE allele),RHCE*cE,Intron 1 (splice acceptor −1),RHCE-NC-014,N/A,Canonical splice,SNV,Not determined,N/A,G,A,,Destroys canonical G at −1 of splice acceptor → aberrant splicing of exon 2,Clinical/Molecular,N/A (serology/sequencing only),European (German),N/A,N/A,N/A,N/A,Feasible,Not Feasible,G→A on transcript = C→T on reference (plus) strand (RHCE minus strand); BE4max via minus-strand guide. Evaluate bystander C residues within ±4 bp.,Evaluate C bases within ±4 bp of edit window,2009,Döscher A et al. Transfusion 2009;49(7):1803-1811 (PMID 19453979),https://pubmed.ncbi.nlm.nih.gov/19453979/,CORRECTED: author Bugert → Döscher; pages 1336-1349 → 1803-1811 (real citation for PMID 19453979),
RHCE,Rh (RHCE),RHCE,chr1,minus,004,c.336-2A>G,E+ (expression modified),RHCE*cE,Intron 2 (splice acceptor −2),RHCE-NC-015,RHCE*03.30,Canonical splice,SNV,Not determined,N/A,A,G,,Destroys canonical AG splice acceptor → aberrant splicing of exon 3,Provisional (abstract only),N/A (serology/sequencing only),Not specified,N/A,N/A,N/A,N/A,Not Feasible,Feasible,A→G on transcript = T→C on reference (plus) strand (RHCE minus strand); ABE8e via minus-strand guide. Abstract-only: confirm gRNA pending full publication.,Evaluate A bases within ±4 bp; pending full publication,N/A,ISBT table ref (28); abstract: full paper not located,N/A,,
RHCE,Rh (RHCE),RHCE,chr1,minus,004,c.486+5G>A,E− (null for E antigen),RHCE*cE,Intron 3 (splice donor +5),RHCE-NC-016,RHCE*03N.04,Near-canonical splice,SNV,Not determined,N/A,G,A,,Near-canonical splice donor disruption at +5 → exon 3/4 junction aberrant splicing,Clinical/Molecular,N/A (serology/sequencing only),Not specified,N/A,N/A,N/A,N/A,Feasible,Not Feasible,G→A on transcript = C→T on reference (plus) strand (RHCE minus strand); BE4max via minus-strand guide. Evaluate bystander C residues within ±4 bp.,Evaluate C bases within ±4 bp of edit window,2013,PMID 23252593,https://pubmed.ncbi.nlm.nih.gov/23252593/,,
RHCE,Rh (RHCE),RHCE,chr1,minus,004,c.1228-2A>G,C+ modified (Ce allele expression altered),RHCE*Ce,Intron 9 (splice acceptor −2),RHCE-NC-018,RHCE*02.32,Canonical splice,SNV,Not determined,N/A,A,G,,Destroys canonical AG splice acceptor → aberrant splicing of exon 10,Clinical/Molecular,N/A (serology/sequencing only),European (German),N/A,N/A,N/A,N/A,Not Feasible,Feasible,A→G on transcript = T→C on reference (plus) strand (RHCE minus strand); ABE8e via minus-strand guide. Evaluate bystander A residues within ±4 bp.,Evaluate A bases within ±4 bp of edit window,2009,Döscher A et al. Transfusion 2009;49(7):1803-1811 (PMID 19453979),https://pubmed.ncbi.nlm.nih.gov/19453979/,CORRECTED: author Bugert → Döscher; pages 1336-1349 → 1803-1811 (real citation for PMID 19453979),
RHCE,Rh (RHCE),RHCE,chr1,minus,004,c.1A>? (variant 1),Very reduced/absent RhCE; apparent hrS−,RHCE*ce or RHCE*Ce,Exon 1 / ATG start codon,RHCE-NC-020,Start codon disruption 1,Start codon / 5'UTR,SNV (exact change unknown),Not determined,N/A,A,? (not specified in abstract),,Disruption of initiation codon → loss of translation from canonical AUG,Clinical/Molecular (abstract only),N/A (serology/sequencing only),Not specified,N/A,N/A,N/A,N/A,Not Assessable,Not Assessable,Exact nucleotide change unknown (abstract only); BE feasibility cannot be assessed until full HGVS is published,Not assessable,2023,Vege et al. Transfusion 2023;63(4):E12–E14 (PMID 36722377),https://pubmed.ncbi.nlm.nih.gov/36722377/,,
RHCE,Rh (RHCE),RHCE,chr1,minus,004,c.1A>? (variant 2),Partial RhCE expression (different from NC-020),RHCE*ce or RHCE*Ce,Exon 1 / ATG start codon,RHCE-NC-021,Start codon disruption 2,Start codon / 5'UTR,SNV (exact change unknown),Not determined,N/A,A,? (not specified in abstract),,Disruption of initiation codon → partial loss of translation (different Kozak-context disruption from NC-020),Clinical/Molecular (abstract only),N/A (serology/sequencing only),Not specified,N/A,N/A,N/A,N/A,Not Assessable,Not Assessable,Exact nucleotide change unknown (abstract only); BE feasibility cannot be assessed until full HGVS is published,Not assessable,2023,Vege et al. Transfusion 2023;63(4):E12–E14 (PMID 36722377),https://pubmed.ncbi.nlm.nih.gov/36722377/,,
RHCE,Rh (RHCE),RHCE,chr1,minus,004,Intron 2: 109 bp insertion,C antigen expression marker (99.2% diagnostic accuracy for C prediction),RHCE*Ce (RHCE*02),Intron 2 (gene conversion breakpoint; RHD exon 2 sequence insertion),RHCE-NC-022,RHCE*CE-D(2)-CE breakpoint marker,Structural / Hybrid junction,Intronic Insertion,Not determined,N/A,N/A,109 bp ins (RHD-derived sequence),,Gene conversion: RHD exon 2 replaces RHCE exon 2; 109 bp insertion in intron 2 serves as diagnostic tag for C-bearing haplotype; purely intronic: does not affect protein coding,Clinical/Molecular,N/A (PCR-based detection),All populations,N/A,N/A,N/A,N/A,N/A,N/A,Intronic insertion structural variant; base editing not applicable. Most reliable molecular marker for C antigen (99.2% accuracy).,N/A,~1996,Wagner & Flegel. Immunohematology 2004;20(1):23–36 (PMC9980290),https://pmc.ncbi.nlm.nih.gov/articles/PMC9980290/,,
RHCE,Rh (RHCE),RHCE,chr1,minus,004,"Multiple: rs4649082, rs2375313, rs2281179, rs2072933, rs2072932, rs2072931",Not directly phenotype-altering (diagnostic/genotyping use only),RHCE*Ce / RHCE*ce,Promoter region (−1080 to −122 relative to TSS),RHCE-NC-023,Promoter C/c LD markers,Promoter polymorphism (LD),SNV (multiple),Not determined,rs4649082; rs2375313; rs2281179; rs2072933; rs2072932; rs2072931,Various,Various,,In strong LD with C-bearing haplotype; false-positive rates 2.6–8.2%; cannot independently determine C antigen status; 109 bp insertion remains most accurate marker,Molecular,N/A (genotyping/LD analysis only),Chinese (Han),Variable (see individual rs# entries in gnomAD),Variable,Variable,Variable,N/A,N/A,LD markers: not therapeutic targets; not individually actionable by base editing,N/A,2023,Shao et al. Vox Sang 2023;118:972-979 (PMID 37823181),https://pubmed.ncbi.nlm.nih.gov/37823181/,CORRECTED: journal Transfus Med Hemotherapy → Vox Sang; volume/pages fixed,
RHCE,Rh (RHCE),RHCE,chr1,minus,004,c.940-3C>G,"D−− (silenced RHCE; absent C, c, E, e antigens)",RHCE*ce (inferred from D−− phenotype context),Intron 6 (splice acceptor −3),RHCE-NC-025,IVS6-3C>G,Near-splice intronic,SNV,Not determined,N/A,C,G,,Splice acceptor site disruption at −3 position → aberrant exon 7 splicing; confirmed by third-generation (PacBio) sequencing,Clinical/Molecular,N/A (third-generation sequencing only),Chinese,N/A,N/A,N/A,N/A,Not Feasible,Not Feasible,C→G transversion on transcript (RHCE minus strand); transversions not addressable by current base editors,N/A,2025,Feng et al. Transfusion 2025;65(9):E49–E51 (PMID 40944510); DOI 10.1111/trf.18351,https://pubmed.ncbi.nlm.nih.gov/40944510/,,
RHCE,Rh (RHCE),RHCE,chr1,minus,004,g.chr1:25377650_25404500inv (novel breakpoint),"D−− (D+, C−, c−, E−, e−; hyperexpression of D antigen; anti-Hro in some cases)",RHCE*Ce,Intron 7 (chr1:25377650) to Intron 2 (chr1:25404500); non-homologous recombination junction,RHCE-NC-026,RHCE*Ce(1-2)-D(3-10)-TMEM50A-Ce(10-8)-Ce(3-10) haplotype; Ying 2025 breakpoint,Structural / Inversion,Inversion,chr1:25377650–25404500 (inversion; OGM: inv(1)(p36.11) chr1:25287259-25371303),N/A,N/A,INV,,Complex non-homologous inversion-recombination between RHCE intron 7 and intron 2; creates RHCE*Ce(1-2)-D(3-10)-TMEM50A-Ce(10-8)-Ce(3-10) haplotype; disrupts RHCE coding sequence order despite intact individual exons; prevalent in Chinese D−− population,Structural,In vivo (patient RBCs); PacBio TGS + Bionano OGM,Chinese (Zhejiang Province),N/A,N/A,N/A,N/A,N/A,N/A,Large structural inversion; base editing not applicable. Novel breakpoint distinct from NC-019 (Li 2024). Characterized by PacBio TGS + Bionano OGM.,N/A,2025,Ying et al. Blood Transfusion 2025;24(2):117–128 (PMC12962860); DOI 10.2450/BloodTransfus.1095,https://pmc.ncbi.nlm.nih.gov/articles/PMC12962860/,,
Duffy,Duffy (ACKR1),ACKR1,chr1,minus,008,NM_002036.4:c.−67T>C,Fy(a−b−) on RBCs (Duffy null); erythroid-specific silencing; Fy(b+) in non-erythroid tissues preserved,"FY*02 (FY*B; c.125G>A, Gly42Asp)",Promoter / 5′UTR: Proximal GATA1 binding site,ACKR1-NC-001,−33T>C (from cap site); −46T>C (original Tournamille 1995 numbering),Confirmed Promoter Null,SNV,"chr1:159,204,893 (minus strand gene)",rs2814778,T (transcript) = A (plus strand/GRCh38 ref),C (transcript) = G (plus strand),,"Disrupts proximal GATA1 binding motif (AGATAA→AGACAA): abolishes erythroid-specific ACKR1 transcription. ACKR1 is uniquely regulated by an erythroid-specific GATA1 site in the proximal promoter. The c.−67T>C mutation eliminates GATA1 binding, silencing expression on red blood cells while non-erythroid expression (endothelium, Purkinje neurons, kidney) is preserved via a GATA1-independent alternative promoter. This dual-promoter architecture makes ACKR1 the paradigm for tissue-specific blood group silencing. Confers complete resistance to Plasmodium vivax merozoite invasion.",Strong,"K562 (human erythroleukemia) CAT/luciferase reporter: T allele drives >100× higher reporter activity vs. C allele; HMEC-1 (human dermal microvascular endothelial): promoter activity similar for both alleles confirming non-erythroid escape; EMSA with K562 nuclear extract: GATA1 shift abolished by C allele, supershift confirmed with anti-GATA1 Ab; Primary patient erythroid cells (flow cytometry); In vitro erythroid differentiation of CD34+ cord-blood HSCs (erythroblasts, reticulocytes)",Sub-Saharan African (88–100% West Africa); African American (~50–70%); Arabian Peninsula (>50% Oman); very rare in Europeans,0.1688,0.6762,0.0001,"~0.181 (TOPMed Freeze 8, consistent with 18% global)",N/A (A→G change on ref strand; not a C→T context for BE4max),"MEDIUM: ACKR1 is on MINUS strand. c.−67T>C = T→C on transcript = A→G on plus/reference strand. ABE8e edits A→G on the protospacer strand. Target A is accessible; guide design must target the plus strand (PAM on plus strand, editing window positions 4–10 of guide). Standard ABE8e is applicable. Note: this would REVERSE the pathogenic C allele back to T (therapeutic application is OPPOSITE direction).","Target: chr1:159,204,893 (A on + strand). ABE8e guide must place A in editing window (pos 4–10). Search NGG PAM ~5–14 bp 3′ of the target A on plus strand. Bystander A’s within the 20 bp window should be assessed.",Potential bystander A→G edits within guide window; GATA motif context (AGATAA): nearby A at position −65 also within window depending on guide design,1995,Tournamille C et al. Nat Genet 1995;10:224-8 (PMID 7663520),https://pubmed.ncbi.nlm.nih.gov/7663520/,,https://gnomad.broadinstitute.org/variant/rs2814778?dataset=gnomad_r4
Duffy,Duffy (ACKR1),ACKR1,chr1,minus,008,NM_002036.4:c.−67T>C,Fy(a−b−) on RBCs; patients CAN form anti-Fyb but NOT anti-Fya (Fya expressed in non-erythroid tissues),"FY*01 (FY*A; c.125G, Gly42): rare cis configuration",Promoter / 5′UTR: Proximal GATA1 binding site,ACKR1-NC-002,Same SNP as ACKR1-NC-001 occurring on FY*A allele background (rare),Confirmed Promoter Null,SNV,"chr1:159,204,893 (minus strand gene)",rs2814778,T (transcript) = A (plus strand),C (transcript) = G (plus strand),,"Identical GATA1 disruption as FY*02N.01 but occurring on the FY*A (c.125G) allele haplotype. Erythroid silencing is complete. However, because Fya is still expressed in non-erythroid tissues via the alternative promoter, these individuals are tolerized to Fya and do NOT produce anti-Fya, but remain at risk for anti-Fyb. This has direct transfusion safety implications.",Strong,"Serological confirmation (flow cytometry and column agglutination); Allele-specific PCR / Sanger sequencing confirming cis arrangement; Genotype-phenotype concordance in multiple families; By analogy, same GATA1 mechanism as FY*02N.01 (Tournamille 1995 K562 data apply)","Extremely rare globally; isolated Caucasian cases (France, Germany, Italy, Greece); also Papua New Guinea, Sudan, Brazil",N/A (subsumed in rs2814778; FY*A background is very rare),N/A,N/A,N/A (extremely rare haplotype),N/A (same variant as NC-001; A→G on ref strand),MEDIUM: Identical to ACKR1-NC-001; same guide design applicable,Identical target as ACKR1-NC-001. Allele background does not change guide design.,Same as ACKR1-NC-001,1999,"Mallinson G et al. Br J Haematol 1999;107:634-7 (PMID 10583269: UNRESOLVED: this PMID resolves to an unrelated B-cell lymphoma paper, not a Duffy reference; needs manual recovery); Yazdanbakhsh K et al. Transfusion 2000;40(3):310-20 (PMID 10738032)",https://pubmed.ncbi.nlm.nih.gov/10738032/,"FLAGGED: ref1 (Mallinson) PMID unresolved, needs manual recovery; ref2 (Yazdanbakhsh) CORRECTED: PMID 10570183 (wrong paper) → 10738032, journal Blood → Transfusion, vol/pages fixed: topically exact match (Duffy GATA-box/Fy(x) reduced expression)",https://gnomad.broadinstitute.org/variant/rs2814778?dataset=gnomad_r4
Duffy,Duffy (ACKR1),ACKR1,chr1,minus,008,NM_002036.4:c.−69T>C,Fy(a−b−) on RBCs; Fy(a−) phenotype; erythroid silencing,"FY*01 (FY*A; c.125G, Gly42): confirmed; also reported on FY*02 background (FY*02N.09)",Promoter / 5′UTR: Second overlapping GATA consensus motif (−69),ACKR1-NC-003,Second GATA motif mutation; ISBT: FY*01N.08 / FY*02N.09,Confirmed Promoter Null,SNV,"chr1:~159,204,891 (estimated; minus strand gene)",Not assigned (not in dbSNP as of 2024),T (transcript) = A (plus strand),C (transcript) = G (plus strand),,"Disrupts a second, overlapping GATA1 consensus motif at position −69 of the ACKR1 erythroid promoter. The proximal promoter region contains two overlapping GATA motifs (−69 and −67). Disruption of either is sufficient for complete erythroid silencing, establishing that both GATA sites are independently critical for GATA1-dependent erythroid transcription.",Moderate,"Family co-segregation study (n=6 family members, perfect genotype-phenotype concordance); In silico GATA1 motif prediction (confirmed disruption of second GATA consensus); GenBank accession KP967558, LN715170; No EMSA or reporter assay performed (cell line data absent)",One Caucasian (German) family (Flegel 2015); extremely rare globally; also reported by Písačka et al. (Czech Republic),N/A (not in gnomAD; ultra-rare),N/A,N/A,N/A (not detected in TOPMed),N/A (T→C on transcript = A→G on ref strand; not C→T BE4max context),MEDIUM: ACKR1 minus strand: c.−69T>C = T→C on transcript = A→G on plus/ref strand. ABE8e approach analogous to ACKR1-NC-001/002. Two adjacent targets (−67 and −69) share near-identical genomic coordinates; dual editing would disrupt both GATA motifs. Guide design challenge: only 2 bp separation between the two target sites.,"Target A at chr1:~159,204,891 on plus strand. Adjacent to ACKR1-NC-001 target (−67). High bystander risk: editing one may inadvertently edit both GATA sites with same guide.",High risk of co-editing adjacent A at −67 position (only 2 bp apart); requires precise guide design,2015,Písačka M et al. Transfusion 2015;55:2616-9 (PMID 26173389),https://pubmed.ncbi.nlm.nih.gov/26173389/,CORRECTED: author Flegel → Písačka (real first author of PMID 26173389),
Duffy,Duffy (ACKR1),ACKR1,chr1,minus,008,NM_002036.4:c.−541C>T,Phenotype-genotype discordance in blood donors; suspected Fy(b−) variant,Unknown,5′ upstream / distal promoter-proximal region (~541 bp upstream of CDS),ACKR1-NC-004,None,Putative Regulatory (Unvalidated: In Silico Only),SNV,"chr1:~159,205,434 (approximate; minus strand)",Not assigned,C (transcript) = G (plus strand),T (transcript) = A (plus strand),,Putative disruption of a regulatory element in the distal 5′ upstream region. RegulomeDB score 3a predicts transcription factor binding disruption. No functional validation has been performed. Identified in Brazilian blood donors showing Duffy antigen phenotype-genotype discordance. IN SILICO ONLY: retained from published literature (Castilho et al. 2020); not an AlphaGenome prediction.,In Silico Only,N/A (in silico only: no cell-based assay performed),"Brazilian blood donors (southern Brazil, mixed ancestry); identified in 2.88% of discordant donors",N/A (no rs number; not in gnomAD),N/A,N/A,N/A,"MEDIUM: c.−541C>T on transcript = G→A on plus strand. BE4max edits C→T; on the minus strand (ACKR1 coding strand), C→T is directly applicable. However, no validated PAM site confirmed; in silico feasibility only.",N/A (G→A on ref strand is not an ABE8e A→G target in forward direction),In silico only. No experimental data to guide design. Requires functional validation before BE targeting.,Unknown: requires sequence analysis of flanking 20 bp window,2020,Höher G et al. Transfus Apher Sci 2020;59(4):102768 (PMID 32276863),https://pubmed.ncbi.nlm.nih.gov/32276863/,CORRECTED: ref author/journal/vol/pages Castilho/Transfusion/60:2148-57 → Höher/Transfus Apher Sci/59(4):102768,
Duffy,Duffy (ACKR1),ACKR1,chr1,minus,008,NM_002036.4:c.21+150C>T,Phenotype-genotype discordance in blood donors; suspected weak expression variant,Unknown,Intron 1 (150 bp downstream of exon 1 donor site; putative intronic regulatory element),ACKR1-NC-005,"Intron 1, +150 bp from exon 1 donor splice site; rs863002",Putative Regulatory (Unvalidated: In Silico Only),SNV,"chr1:~159,202,200 (approximate; minus strand); rs863002",rs863002,C (transcript) = G (plus strand),T (transcript) = A (plus strand),,Putative intronic regulatory element disruption. RegulomeDB score 3a predicts SP1/AP1 binding site disruption within intron 1 of ACKR1. The intron 1 region of ACKR1 contains basal promoter activity elements (SP1/AP1 sites). This variant may affect non-erythroid expression of ACKR1. Note: rs863002 has AF ~0.283 in the FDA/US population (Flegel 2020 long-read study): suggesting it is a common polymorphism that may co-segregate with other functional variants. IN SILICO ONLY: from Castilho et al. 2020.,In Silico Only,N/A (in silico only),Brazilian blood donors; also observed in ~28% of US general population (rs863002 allele frequency; Flegel 2020 long-read data),~0.28 (rs863002; common intronic variant),~0.32 (estimate; AFR frequency for rs863002),~0.24 (estimate; EUR frequency for rs863002),~0.28 (estimate for rs863002),MEDIUM: c.21+150C>T on transcript = G→A on plus strand. BE4max (C→T editing on coding/minus strand) potentially applicable. In silico only; requires experimental validation of variant functionality first.,N/A (G→A on ref; not a forward ABE8e target),Common intronic SNV (rs863002). Pathogenicity uncertain. BE application premature without functional data.,Unknown,2020,Höher G et al. Transfus Apher Sci 2020;59(4):102768 (PMID 32276863); Flegel WA et al. J Mol Diagn 2020;22(10):1272-1279 (PMID 32688055),https://pubmed.ncbi.nlm.nih.gov/32276863/,CORRECTED: ref1 Castilho/Transfusion → Höher/Transfus Apher Sci; ref2 PMID 32738421 (unrelated CRISPR/TB paper) → 32688055 (correct Flegel ACKR1 paper),https://gnomad.broadinstitute.org/variant/rs863002?dataset=gnomad_r4
Duffy,Duffy (ACKR1),ACKR1,chr1,minus,008,NM_002036.4:c.22−58A>G,Phenotype-genotype discordance in blood donors; potential mRNA splicing effect,Unknown,Intron 1: near splice acceptor site (exon 2; 58 bp upstream of exon 2 start),ACKR1-NC-006,"Intron 1, 58 bp upstream of exon 2 acceptor; near splice acceptor; rs3027016",Putative Regulatory / Splice Region (Unvalidated: In Silico Only),SNV,"chr1:~159,201,900 (approximate; minus strand); rs3027016",rs3027016,A (transcript) = T (plus strand),G (transcript) = C (plus strand),,"Located 58 bp upstream of the exon 2 splice acceptor site in intron 1. At 58 bp distance, likely outside the canonical splice acceptor window (typically −8 to −1). May affect a branch point or intronic enhancer element. RegulomeDB analysis suggests potential regulatory impact. rs3027016 observed at ~5.7% allele frequency in the FDA/US population (Flegel 2020 long-read study). IN SILICO ONLY: from Castilho et al. 2020.",In Silico Only,N/A (in silico only),Brazilian blood donors; ~5.7% allele frequency in US general population (rs3027016; Flegel 2020 long-read data),~0.057 (rs3027016; uncommon intronic variant),~0.04 (estimate for rs3027016),~0.06 (estimate for rs3027016),~0.06 (estimate for rs3027016),N/A (A→G on transcript = T→C on ref strand; not a C→T BE4max context in plus orientation),MEDIUM: c.22−58A>G on transcript = T→C on plus strand. ABE8e edits A→G; this corresponds to editing T→C on plus strand = targeting the minus strand (ACKR1 coding strand) A at this position. Requires minus-strand guide targeting. In silico only; variant pathogenicity unconfirmed.,Near splice acceptor; 58 bp upstream of exon 2. ABE8e on minus strand possible. Pathogenicity unconfirmed; experimental validation required.,Unknown; proximity to splice acceptor means nearby A edits could affect splicing,2020,Höher G et al. Transfus Apher Sci 2020;59(4):102768 (PMID 32276863); Flegel WA et al. J Mol Diagn 2020;22(10):1272-1279 (PMID 32688055),https://pubmed.ncbi.nlm.nih.gov/32276863/,CORRECTED: ref1 Castilho/Transfusion → Höher/Transfus Apher Sci; ref2 PMID 32738421 (unrelated CRISPR/TB paper) → 32688055 (correct Flegel ACKR1 paper),https://gnomad.broadinstitute.org/variant/rs3027016?dataset=gnomad_r4
Kell,Kell (KEL),KEL,chr7,plus,006,c.223+1G>C,Ko (null),KEL*02 [k],"Intron 3, +1 (5'ss donor)",KEL-NC-001,IVS3+1G>C,Splice Site - Donor,SNV,"chr7:142,961,359",rs369569464,G,C,,GT→CT at donor; U1 snRNP recognition abolished; complete exon 3 skipping; TM domain lost; p.Ser28AlafsTer113,Clinical + Functional,Erythroid cells (293T transfection + RT-PCR on patient erythroid RNA),Taiwan (Han Chinese),Not in gnomAD v4 (ultra-rare/private),Not in gnomAD v4,Not in gnomAD v4,Not reported,NOT FEASIBLE,NOT FEASIBLE,G→C is a transversion; neither BE4max (C→T) nor ABE8e (A→G) can introduce G>C on + strand,N/A,2001,"Yu et al., J Biol Chem 2001 (PMID 11134029)",https://pubmed.ncbi.nlm.nih.gov/11134029/,,https://gnomad.broadinstitute.org/variant/rs369569464?dataset=gnomad_r4
Kell,Kell (KEL),KEL,chr7,plus,006,c.223+1G>A,Ko (null),KEL*02 [k],"Intron 3, +1 (5'ss donor)",KEL-NC-002,IVS3+1G>A,Splice Site - Donor,SNV,"chr7:142,961,359",rs369569464,G,A,,GT→AT at donor; exon 3 skipping; identical consequence to N.01; most frequent Ko splice allele worldwide,Clinical + Functional,Erythroid cells (patient erythroid RNA RT-PCR; serological confirmation),"Multiple (European, Israeli, Brazilian)",Not in gnomAD v4 (ultra-rare/private),Not in gnomAD v4,Not in gnomAD v4,Not reported,MEDIUM,NOT FEASIBLE,G→A transition: BE4max (C→T) on - strand (complement C→T = G→A on + strand); MEDIUM: guide design required; ~20 nt window needs assessment for bystanders,Check window for off-target C edits on − strand,2001,"Lee et al., J Biol Chem 2001 (PMID 11375401); Körmöczi GF et al., Transfusion 2007 (PMID 17381630)",https://pubmed.ncbi.nlm.nih.gov/11375401/,CORRECTED: ref2 author Poole → Körmöczi (real first author of PMID 17381630),https://gnomad.broadinstitute.org/variant/rs369569464?dataset=gnomad_r4
Kell,Kell (KEL),KEL,chr7,plus,006,c.223+1G>T,Ko (null),KEL*02 [k],"Intron 3, +1 (5'ss donor)",KEL-NC-003,IVS3+1G>T,Splice Site - Donor,SNV,"chr7:142,961,359",rs369569464,G,T,,GT→TT at donor; exon 3 skipping; rarest substitution at intron 3 +1,Clinical (Serological + Molecular),Erythroid cells (serological phenotyping + Sanger sequencing),First Nation (Indigenous Canadian),Not in gnomAD v4 (ultra-rare/private),Not in gnomAD v4,Not in gnomAD v4,Not reported,NOT FEASIBLE,NOT FEASIBLE,G→T is a transversion; neither editor applicable on + strand,N/A,2021,PMID 34310722,https://pubmed.ncbi.nlm.nih.gov/34310722/,,https://gnomad.broadinstitute.org/variant/rs369569464?dataset=gnomad_r4
Kell,Kell (KEL),KEL,chr7,plus,006,c.526-2A>G,Ko (null),KEL*02 [k],"Intron 5, -2 (3'ss acceptor)",KEL-NC-004,IVS5-2A>G,Splice Site - Acceptor,SNV,"chr7:142,957,975",N/A,A,G,,AG→GG at acceptor; aberrant splicing → frameshift p.Leu176Alafs*9; single G insertion in mRNA,Clinical + Functional,Erythroid cells (patient erythroid RNA; compound het with exon 12 nonsense),Japanese,Not in gnomAD v4 (ultra-rare/private),Not in gnomAD v4,Not in gnomAD v4,Not reported,NOT FEASIBLE,MEDIUM,A→G transition on + strand: ABE8e (A→G) directly applicable; MEDIUM: guide design required for -2 position; check PAM availability,Check for A within ABE window; PAM (NGG) must be ~15-17 bp from target A,2002,"Koda et al., Br J Haematol 2002 (PMID 11918559)",https://pubmed.ncbi.nlm.nih.gov/11918559/,,https://gnomad.broadinstitute.org/variant/7-142957975-A-G?dataset=gnomad_r4
Kell,Kell (KEL),KEL,chr7,plus,006,c.736-1G>C,Ko (null),KEL*02 [k],"Intron 7, -1 (3'ss acceptor)",KEL-NC-005,IVS7-1G>C,Splice Site - Acceptor,SNV,"chr7:142,954,373",rs765075509,G,C,,AG→AC at acceptor; aberrant splicing of exon 8,Clinical (Serological + Molecular),Erythroid cells (serological Ko + Sanger sequencing),Not specified,Not in gnomAD v4 (ultra-rare/private),Not in gnomAD v4,Not in gnomAD v4,Not reported,NOT FEASIBLE,NOT FEASIBLE,G→C is a transversion; neither editor applicable,N/A,2010,PMID 20384970,https://pubmed.ncbi.nlm.nih.gov/20384970/,,https://gnomad.broadinstitute.org/variant/rs765075509?dataset=gnomad_r4
Kell,Kell (KEL),KEL,chr7,plus,006,c.924+1G>A,Ko (null),KEL*02 [k],"Intron 8, +1 (5'ss donor)",KEL-NC-006,IVS8+1G>A,Splice Site - Donor,SNV,"chr7:142,954,183",rs568600999,G,A,,GT→AT at donor; exon 8 skipping; loss of Kpa/Kpb polymorphism region,Clinical (Serological + Molecular),Erythroid cells (Austrian nationwide survey; serological + molecular),Austria / Europe,Not in gnomAD v4 (ultra-rare/private),Not in gnomAD v4,Not in gnomAD v4,Not reported,MEDIUM,NOT FEASIBLE,G→A transition: BE4max on - strand (C at complement pos); MEDIUM: guide design needed,Check - strand window for bystander C edits,2007,"Körmöczi GF et al., Transfusion 2007 (PMID 17381630)",https://pubmed.ncbi.nlm.nih.gov/17381630/,CORRECTED: author Poole → Körmöczi (real first author of PMID 17381630),https://gnomad.broadinstitute.org/variant/rs568600999?dataset=gnomad_r4
Kell,Kell (KEL),KEL,chr7,plus,006,c.924+1G>T,Ko (null),KEL*02 [k],"Intron 8, +1 (5'ss donor)",KEL-NC-007,IVS8+1G>T,Splice Site - Donor,SNV,"chr7:142,954,183",rs568600999,G,T,,GT→TT at donor; exon 8 skipping; same position as N.12,Clinical (Serological + Molecular),Erythroid cells (Austrian nationwide survey; serological + molecular),Austria / Europe,Not in gnomAD v4 (ultra-rare/private),Not in gnomAD v4,Not in gnomAD v4,Not reported,NOT FEASIBLE,NOT FEASIBLE,G→T is a transversion; neither editor applicable,N/A,2007,"Körmöczi GF et al., Transfusion 2007 (PMID 17381630)",https://pubmed.ncbi.nlm.nih.gov/17381630/,CORRECTED: author Poole → Körmöczi (real first author of PMID 17381630),https://gnomad.broadinstitute.org/variant/rs568600999?dataset=gnomad_r4
Kell,Kell (KEL),KEL,chr7,plus,006,c.1314+5G>A,Ko,KEL*02 [k],"Intron 11, +5 (near-canonical 5'ss)",KEL-NC-008,IVS11+5G>A,Near-Splice,SNV,"chr7:142,946,202",N/A,G,A,,Non-canonical +5 position (GURAGU consensus); disrupts U1 snRNP binding; exon 11 retention or skipping,Clinical (Molecular Only),Erythroid cells (molecular identification; no RT-PCR published),Not specified,Not in gnomAD v4 (ultra-rare/private),Not in gnomAD v4,Not in gnomAD v4,Not reported,MEDIUM,NOT FEASIBLE,G→A transition: BE4max on - strand (complement C at +5); MEDIUM: guide design needed; check GURAGU context,Assess bystander editing in GURAGU splice consensus,2013,"Martin-Blanc C et al., Transfusion 2013;53:2859-66 (PMID 23581578)",https://pubmed.ncbi.nlm.nih.gov/23581578/,CORRECTED: author Guz → Martin-Blanc; volume/pages added,https://gnomad.broadinstitute.org/variant/7-142946202-G-A?dataset=gnomad_r4
Kell,Kell (KEL),KEL,chr7,plus,006,c.1414-1G>C,Ko (null),KEL*02 [k],"Intron 12, -1 (3'ss acceptor)",KEL-NC-009,IVS12-1G>C,Splice Site - Acceptor,SNV,"chr7:142,944,401",rs906814829,G,C,,AG→CG at acceptor; aberrant splicing of exon 13,Clinical (Serological + Molecular),Erythroid cells (Japanese Ko cohort; Sanger + serology),Japanese,Not in gnomAD v4 (ultra-rare/private),Not in gnomAD v4,Not in gnomAD v4,Not reported,NOT FEASIBLE,NOT FEASIBLE,G→C is a transversion; neither editor applicable,N/A,2018,"Onodera et al., Vox Sang 2018 (PMID 29280152)",https://pubmed.ncbi.nlm.nih.gov/29280152/,,https://gnomad.broadinstitute.org/variant/rs906814829?dataset=gnomad_r4
Kell,Kell (KEL),KEL,chr7,plus,006,c.841C>T + c.1414-1G>T,Ko (null),KEL*02 [k],"Exon 8 + Intron 12, -1",KEL-NC-010,Exon 8 missense + IVS12-1G>T,Splice Site - Acceptor,SNV (compound),"chr7:142,954,267 + 142,944,401",rs8176059 + rs906814829,C+G,T+T,,Compound: IVS12 acceptor AG→AT + exon 8 missense c.841C>T; aberrant splicing of exon 13,Clinical (Serological + Molecular),Erythroid cells (compound heterozygote; molecular + serological),Not specified,Not in gnomAD v4,Not in gnomAD v4,Not in gnomAD v4,Not reported,MEDIUM (IVS12-1G>T component),NOT FEASIBLE,"IVS12-1 G>T is transversion: not feasible; c.841C>T component: C→T on + strand, BE4max applicable (MEDIUM) but exon 8 coding context; compound allele requires both changes",Compound allele: both changes needed simultaneously; BE approach not practical for compound alleles,2022,PMID 35932201,https://pubmed.ncbi.nlm.nih.gov/35932201/,,https://gnomad.broadinstitute.org/variant/7-142954267-C+G-T+T?dataset=gnomad_r4
Kell,Kell (KEL),KEL,chr7,plus,006,c.1771+1G>A,Ko (null),KEL*02 [k],"Intron 16, +1 (5'ss donor)",KEL-NC-011,IVS16+1G>A,Splice Site - Donor,SNV,"chr7:142,943,275",rs869025768,G,A,,GT→AT at donor; exon 16 skipping; exon 16 encodes zinc endopeptidase HEXXH active site,Clinical + Functional,Erythroid cells (Brazilian patient RT-PCR; serological confirmation),Brazil (Caucasian descendant),Not in gnomAD v4 (ultra-rare/private),Not in gnomAD v4,Not in gnomAD v4,Not reported,MEDIUM,NOT FEASIBLE,G→A transition: BE4max on - strand (complement C at IVS16+1); MEDIUM: guide design needed; Brazilian founder allele context,Assess bystander C edits in - strand window,2014,"Boturão-Neto E et al., Transfus Med Hemother 2014;42:52-8 (PMID 25960716)",https://pubmed.ncbi.nlm.nih.gov/25960716/,CORRECTED: author Castilho/Mota → Boturão-Neto; year 2015 → 2014,https://gnomad.broadinstitute.org/variant/rs869025768?dataset=gnomad_r4
Kell,Kell (KEL),KEL,chr7,plus,006,c.2038-2A>G,Ko (null),KEL*02 [k],"Intron 18, -2 (3'ss acceptor)",KEL-NC-012,IVS18-2A>G,Splice Site - Acceptor,SNV,"chr7:142,941,415",N/A,A,G,,AG→GG at acceptor; splicing defect of exon 19; loss of C-terminal domain,Clinical (Molecular Only),Erythroid cells (molecular identification),Not specified,Not in gnomAD v4 (ultra-rare/private),Not in gnomAD v4,Not in gnomAD v4,Not reported,NOT FEASIBLE,MEDIUM,A→G transition on + strand: ABE8e directly applicable; MEDIUM: guide design needed for -2 acceptor position; check PAM availability near IVS18-2,Assess A context in ABE window; possible off-targets near acceptor AG,2021,PMID 34554576,https://pubmed.ncbi.nlm.nih.gov/34554576/,,https://gnomad.broadinstitute.org/variant/7-142941415-A-G?dataset=gnomad_r4
Kell,Kell (KEL),KEL,chr7,plus,006,Middle GATA1 motif A>G,Predicted weak KEL expression (Kmod-like),Any KEL allele,"KEL proximal promoter, middle GATA1 site (~-81 bp from ATG)",KEL-NC-013,Promoter GATA1-middle A>G,Promoter,SNV,"chr7: KEL promoter (~142,976,000 region)",rs1204402835,A,G,,"JASPAR score 858→729; reduced GATA1 binding (EMSA, MS pull-down with 9 unique GATA1 peptides); ~50% luciferase reduction in HEL cells",Functional in vitro,HEL cells (Human Erythroleukemia; Camara-Clayette 2001 PMID 11336649 used HEL nuclear extracts for EMSA; Wu et al. 2024 confirmed in HEL luciferase reporter assay),Rare (gnomAD: not in pathogenic database),Not reported (private/rare),Not reported,Not reported,Not reported,NOT FEASIBLE,MEDIUM,A→G transition on + strand: ABE8e directly applicable in promoter context; MEDIUM: guide design needed; check impact on nearby GATA1/KLF1 motifs within editing window,Editing window may overlap adjacent GATA1/KLF1 binding sites; assess co-disruption risk,2024,"Wu et al., Transfusion 2024 (PMID 38644556); Camara-Clayette 2001 (PMID 11336649)",https://pubmed.ncbi.nlm.nih.gov/38644556/,,https://gnomad.broadinstitute.org/variant/rs1204402835?dataset=gnomad_r4
Kell,Kell (KEL),KEL,chr7,plus,006,KLF1 motif G>A,Predicted weak KEL expression (Kmod-like),Any KEL allele,"KEL proximal promoter, KLF1/EKLF site (~-81 bp from ATG, adjacent to middle GATA1)",KEL-NC-014,Promoter KLF1 G>A,Promoter,SNV,"chr7: KEL promoter (~142,976,000 region)",rs1442994069,G,A,,"JASPAR score 924→801 (highest-scoring KEL motif); reduced KLF1 binding (MS, 4 peptides); ~50% luciferase reduction in HEL cells",Functional in vitro,HEL cells (Human Erythroleukemia; Wu et al. 2024 luciferase reporter; Camara-Clayette 2001 HEL nuclear extract EMSA for promoter motif validation),Rare (gnomAD: not in pathogenic database),Not reported (private/rare),Not reported,Not reported,Not reported,MEDIUM,NOT FEASIBLE,G→A transition: BE4max on - strand (complement C at KLF1 motif); MEDIUM: guide design needed; KLF1 motif disruption modelling required,- strand window may overlap KLF1/GATA1 co-binding region; careful bystander analysis required,2024,"Wu et al., Transfusion 2024 (PMID 38644556)",https://pubmed.ncbi.nlm.nih.gov/38644556/,,https://gnomad.broadinstitute.org/variant/rs1442994069?dataset=gnomad_r4
Kell,Kell (KEL),KEL,chr7,plus,006,Distal GATA1 motif T>G,Predicted weak KEL expression (Kmod-like),Any KEL allele,"KEL proximal promoter, distal GATA1 site (~-120 bp from ATG)",KEL-NC-015,Promoter GATA1-distal T>G,Promoter,SNV,"chr7: KEL promoter (~142,976,200 region)",rs1297430602,T,G,,JASPAR score 805→<800; GATA1 binding lost on EMSA; ~50% luciferase reduction in HEL cells,Functional in vitro,HEL cells (Human Erythroleukemia; Wu et al. 2024 luciferase reporter; combined mG+mK reduces to near-baseline),Rare (gnomAD: not in pathogenic database),Not reported (private/rare),Not reported,Not reported,Not reported,NOT FEASIBLE,NOT FEASIBLE,T→G is a transversion; neither BE4max (C→T) nor ABE8e (A→G) can introduce this change,N/A: transversion,2024,"Wu et al., Transfusion 2024 (PMID 38644556)",https://pubmed.ncbi.nlm.nih.gov/38644556/,,https://gnomad.broadinstitute.org/variant/rs1297430602?dataset=gnomad_r4
Kell,Kell (KEL),KEL,chr7,plus,006,XK c.-1G>A (IVS1-1G>A; NM_021083),McLeod syndrome; weak Kell antigens (~90% reduction); absent Kx,XK gene (chrX Xp21.1),"XK intron 1, -1 (3'ss acceptor)",KEL-NC-017,XK intron 1 acceptor AG>AA,XK-related,SNV,chrX:Xp21.1 (XK gene),N/A,G,A,,AG→AA at XK intron 1 acceptor; no XK protein by Western blot; absent Kx antigen; Kell antigens reduced ~90% due to loss of Kell-XK disulfide linkage (Cys72 KEL: Cys347 XK),Clinical + Functional,Erythroid cells + brain/muscle (Western blot on patient RBC membranes; neurological/myopathic tissue confirmation; McLeod phenotype established by serology),French (adult male),Not in gnomAD v4 (X-linked rare),Not in gnomAD v4,Not in gnomAD v4,Not reported,MEDIUM,NOT FEASIBLE,G→A transition on + strand (XK gene on + strand of chrX): BE4max on - strand applicable; MEDIUM: guide design needed for XK intron 1 acceptor; erythroid delivery context distinct from KEL,XK gene on X chromosome: hemizygous in males; female carriers may require allele-specific guide,2009,"Arnaud et al., Transfusion 2009 (PMID 19040496)",https://pubmed.ncbi.nlm.nih.gov/19040496/,,
Kell,Kell (KEL),KEL,chr7,plus,006,XK IVS2 3'ss A>G,McLeod syndrome; weak Kell antigens; absent Kx,XK gene (chrX Xp21.1),"XK intron 2, 3'ss acceptor region",KEL-NC-018,XK intron 2 acceptor A>G,XK-related,SNV,chrX:Xp21.1 (XK gene),N/A,A,G,,"Mutation at 3'ss of exon 2-3 junction; absence of normal XK protein; McLeod RBC phenotype (K-wk pb+w, Kx-)",Clinical + Functional,Erythroid cells + brain/muscle (Western blot on RBC membranes; serology K-wk pb+w Kx-; full McLeod neurological features),Not specified,Not in gnomAD v4 (X-linked rare),Not in gnomAD v4,Not in gnomAD v4,Not reported,NOT FEASIBLE,MEDIUM,A→G transition on + strand: ABE8e directly applicable; MEDIUM: guide design needed for XK IVS2 acceptor; X-linked delivery considerations,X-linked; hemizygous in males; ABE8e guide design needed,2011,"Gürsu et al., J Neurol Sci 2011",https://www.sciencedirect.com/science/article/abs/pii/S0022510X11001043,,
Kell,Kell (KEL),KEL,chr7,plus,006,XK large Xp21 deletion (del XK ± CYBB),McLeod + CGD (if CYBB deleted); weak Kell antigens,XK gene (chrX Xp21.1),Xp21.1 (XK + flanking genes including CYBB),KEL-NC-019,Del(Xp21) including XK+CYBB,XK-related,Structural Variant,chrX:Xp21.1 region,N/A,N/A,N/A,,Large deletion removing XK gene (and often CYBB/gp91phox); no XK protein; Kell antigens reduced ~90%; CGD if CYBB also deleted,Clinical + Functional,Erythroid cells + brain/muscle + neutrophils (CGD + McLeod phenotype; documented in multiple case series),Multiple worldwide,N/A (structural deletion),N/A,N/A,Not reported,N/A,N/A,Structural deletion: not amenable to base editing; would require large deletion correction or gene replacement,Not applicable,Various,"Jung et al., Orphanet J Rare Dis 2011; PMC8832239",https://pmc.ncbi.nlm.nih.gov/articles/PMC8832239/,,
Kell,Kell (KEL),KEL,chr7,plus,006,5'UTR: none reported,Theoretical: reduced translation,Any KEL allele,"Exon 1, 5'UTR (30-120 nt from 3 TSS)",KEL-NC-020,N/A,5'UTR,N/A (no variants),"chr7: KEL exon 1 region (~142,976,000)",N/A,N/A,N/A,,"No pathogenic 5'UTR variants reported; theoretical effects: uORF creation, Kozak disruption, secondary structure changes reducing translation efficiency",Not characterized,N/A,N/A,N/A,N/A,N/A,N/A,N/A,N/A,N/A: no variants reported in this category to date,N/A,N/A,Research gap (no primary reference),N/A,,
Kell,Kell (KEL),KEL,chr7,plus,006,,,,,LEGEND: Validation Level Colors,,,,,,,,,,,,,,,,,,,,,,,,,
Kell,Kell (KEL),KEL,chr7,plus,006,"Both clinical phenotype AND functional assay (RT-PCR, luciferase, EMSA, etc.)",,,,Clinical + Functional,,,,,,,,,,,,,,,,,,,,,,,,,
Kell,Kell (KEL),KEL,chr7,plus,006,"In vitro functional assay only (luciferase, EMSA); no clinical case reported",,,,Functional in vitro,,,,,,,,,,,,,,,,,,,,,,,,,
Kell,Kell (KEL),KEL,chr7,plus,006,Clinical phenotype confirmed by serology AND DNA sequencing,,,,Clinical (Serological + Molecular),,,,,,,,,,,,,,,,,,,,,,,,,
Kell,Kell (KEL),KEL,chr7,plus,006,Clinical Ko phenotype with only molecular identification; no functional assay,,,,Clinical (Molecular Only),,,,,,,,,,,,,,,,,,,,,,,,,
Kell,Kell (KEL),KEL,chr7,plus,006,No experimental data; research gap,,,,Not Characterized,,,,,,,,,,,,,,,,,,,,,,,,,
Kell,Kell (KEL),KEL,chr7,plus,006,,,,,LEGEND: Base Editing Feasibility Colors,,,,,,,,,,,,,,,,,,,,,,,,,
Kell,Kell (KEL),KEL,chr7,plus,006,Transition feasible; guide design required (BE4max: C→T; ABE8e: A→G),,,,MEDIUM,,,,,,,,,,,,,,,,,,,,,,,,,
Kell,Kell (KEL),KEL,chr7,plus,006,Transversion: neither base editor applicable,,,,NOT FEASIBLE,,,,,,,,,,,,,,,,,,,,,,,,,
Kell,Kell (KEL),KEL,chr7,plus,006,"Not applicable (indel, structural variant, no variants reported)",,,,N/A,,,,,,,,,,,,,,,,,,,,,,,,,
Kell,Kell (KEL),KEL,chr7,plus,006,,,,,Source: ISBT KEL Allele Table (2023-2025) | GRCh38/hg38 | gnomAD v4 | NM_000420.2/NM_000420.3 | Generated: 2026-03-23,,,,,,,,,,,,,,,,,,,,,,,,,
Kidd,Kidd (SLC14A1),SLC14A1,chr18,minus,009,NM_015865.7:c.342-1G>A,Jk(a-b-): Jknull (JK:-3),,Intron 4 acceptor splice site (-1 position),KIDD-NC-001,IVS5-1G>A (legacy; IVS4-1G>A in current numbering),Splice Site - Acceptor (canonical),SNV,"chr18:43,313,? (minus strand; exact coord requires NG_011775.4 mapping)",rs78937798,G,A,JK*01N.06 (JK*A background); JK*02N.01 (JK*B background),Destruction of invariant AG acceptor dinucleotide of intron 4 → skipping of exon 5 → frameshift and premature stop codon (p.Arg114Ter); truncated protein not trafficked to RBC membrane,Serological + molecular,Xenopus oocyte expression; K562 erythroleukaemia cells,"Polynesian (most common null allele, ~0.9% prevalence), Taiwanese, Chinese, Thai, various Asian",Extremely rare in gnomAD (Polynesian population underrepresented),Not in gnomAD AFR,Not in gnomAD EUR,Not available (Polynesian population underrepresented in TOPMed),MEDIUM,MEDIUM,Minus-strand gene. Transcript G>A = C>T on ref (+) strand at -1 position. To correct A→G on transcript: ABE8e on minus-strand guide targeting A at intron-exon junction. Requires PAM within ~15 nt of target A. SpCas9 NGG PAM needed; window 4-8 analysis required for exact guide design. Alternatively CBE on plus-strand guide (C at this position on + strand).,Potential bystander A edits in guide window: requires in silico design validation,1998,"Lucien N 1998, J Biol Chem (PMID 9582331); Irshaid NM 2000, Transfusion (PMID 10644814)",https://pubmed.ncbi.nlm.nih.gov/9582331/,UNAUDITED,https://gnomad.broadinstitute.org/variant/rs78937798?dataset=gnomad_r4
Kidd,Kidd (SLC14A1),SLC14A1,chr18,minus,009,NM_015865.7:c.342-1G>C,Jk(a-b-): Jknull (JK:-3),,Intron 4 acceptor splice site (-1 position),KIDD-NC-002,IVS4-1G>C (IVS5-1G>C legacy),Splice Site - Acceptor (canonical),SNV,"chr18:43,313,? (minus strand)",rs78937798,G,C,JK*02N.02 (JK*B background),Destruction of invariant AG acceptor dinucleotide of intron 4 (G→C transversion) → aberrant splicing → exon 5 skipping → frameshift,Serological + molecular,None reported,Chinese,Not in gnomAD,Not in gnomAD,Not in gnomAD,Not available,NOT FEASIBLE,NOT FEASIBLE,G>C transversion at -1 splice acceptor. Both BE4max (CBE) and ABE8e require transitions only (C>T or A>G). A G>C transversion is not correctable by current base editors.,N/A,2006,"Meng Y 2005, Sci China C Life Sci (PMID 16483143)",https://pubmed.ncbi.nlm.nih.gov/16483143/,CORRECTED: journal Transfus Apher Sci → Sci China C Life Sci; year 2006 → 2005,https://gnomad.broadinstitute.org/variant/rs78937798?dataset=gnomad_r4
Kidd,Kidd (SLC14A1),SLC14A1,chr18,minus,009,NM_015865.7:c.663+1G>T,Jk(a-b-): Jknull (JK:-3),,Intron 6 donor splice site (+1 position),KIDD-NC-003,IVS7+1G>T (legacy; IVS6+1G>T in current numbering),Splice Site - Donor (canonical),SNV,"chr18:43,302,? (minus strand)",rs77744921,G,T,JK*02N.04 (JK*B background),Destruction of invariant GT donor dinucleotide of intron 6 (G→T transversion at +1) → aberrant splicing → exon 6 retention or skipping → frameshift → loss of protein expression at RBC membrane,Serological + molecular,None reported,Unknown / not specified (original Lucien 1998 report),Not in gnomAD,Not in gnomAD,Not in gnomAD,Not available,NOT FEASIBLE,NOT FEASIBLE,G>T transversion at +1 donor site. Not a transition: cannot be corrected by BE4max or ABE8e.,N/A,1998,"Lucien N 1998, J Biol Chem (PMID 9582331)",https://pubmed.ncbi.nlm.nih.gov/9582331/,UNAUDITED,https://gnomad.broadinstitute.org/variant/rs77744921?dataset=gnomad_r4
Kidd,Kidd (SLC14A1),SLC14A1,chr18,minus,009,NM_015865.7:c.811+5G>A,Jk(a-b-): Jknull (JK:-3),,"Intron 7 donor splice site (+5 position, extended donor region)",KIDD-NC-004,IVS8+5G>A (legacy; IVS7+5G>A in current numbering),Splice Site - Donor (canonical),SNV,"chr18:43,297,? (minus strand)",rs1414947682,G,A,JK*01N.10 (JK*A background),Mutation at +5 position of intron 7 donor splice site → aberrant splicing with exon 7 skipping → frameshift p.Leu272Glufs*29 → premature stop,Serological + molecular,None reported,Chinese,Not in gnomAD,Not in gnomAD,Not in gnomAD,Not available,MEDIUM,MEDIUM,"Minus-strand gene. G>A on transcript = C>T on reference (+) strand. ABE8e on minus-strand guide targets A at +5 of intron 7 donor; window 4-8 analysis needed. Alternatively, CBE on plus-strand guide targeting C at this position.",Potential bystander A edits within editing window,2013,"Guo Z 2013, Transfusion (PMID 22738189)",https://pubmed.ncbi.nlm.nih.gov/22738189/,UNAUDITED,https://gnomad.broadinstitute.org/variant/rs1414947682?dataset=gnomad_r4
Kidd,Kidd (SLC14A1),SLC14A1,chr18,minus,009,NM_015865.7:c.152-1G>A,Jk(a-b-): Jknull (JK:-3),,Intron 3 acceptor splice site (-1 position),KIDD-NC-005,IVS3-1G>A (intron 3 acceptor; current numbering),Splice Site - Acceptor (canonical),SNV,"chr18:43,320,? (minus strand)",rs373247991,G,A,JK*02N.25 (JK*B background),Destruction of AG acceptor dinucleotide of intron 3 → aberrant splicing → loss of Kidd protein surface expression on RBCs,Serological + molecular,None reported,Austrian (first description of JK null in Austria; compound heterozygous with c.267delC),Not in gnomAD,Not in gnomAD,Not in gnomAD,Not available,MEDIUM,MEDIUM,Minus-strand gene. G>A on transcript = C>T on reference (+) strand. ABE8e on minus-strand guide targets A at -1 of intron 3 acceptor; or CBE on plus-strand guide. Window 4-8 analysis required for exact guide design.,Potential bystander edits in window,2021,"Allhoff W 2021, Blood Transfus (PMID 33539287)",https://pubmed.ncbi.nlm.nih.gov/33539287/,UNAUDITED,https://gnomad.broadinstitute.org/variant/rs373247991?dataset=gnomad_r4
Kidd,Kidd (SLC14A1),SLC14A1,chr18,minus,009,NM_015865.7:c.663+3A>C,Jk(a-b-): Jknull (JK:-3),,"Intron 6 donor splice site (+3 position, extended donor region)",KIDD-NC-006,IVS6+3A>C (extended donor region intron 6),Splice Site - Donor (canonical),SNV,"chr18:43,302,? (minus strand)",Novel (no rs# assigned),A,C,JK*02N.26 (JK*B background; also carries c.588A>G and c.838G>A),A>C transversion at +3 of intron 6 donor site → aberrant splicing confirmed by minigene splicing assay → exon 6 skipping → loss of JK protein,Cell culture (minigene splicing assay),Minigene splicing assay (cell line not specified),Chinese,Not in gnomAD,Not in gnomAD,Not in gnomAD,Not available,NOT FEASIBLE,NOT FEASIBLE,A>C transversion. Neither BE4max nor ABE8e can correct transversions.,N/A,2024,"Yang J 2024, Transfus Med (PMID 37950522)",https://pubmed.ncbi.nlm.nih.gov/37950522/,UNAUDITED,https://gnomad.broadinstitute.org/variant/18-43302-A-C?dataset=gnomad_r4
Kidd,Kidd (SLC14A1),SLC14A1,chr18,minus,009,NM_015865.7:c.996+5G>C,Jk(a-b-): Jknull (JK:-3),,"Intron 9 donor splice site (+5 position, extended donor region)",KIDD-NC-007,IVS9+5G>C (extended donor region intron 9),Splice Site - Donor (canonical),SNV,"chr18:43,285,? (minus strand)",rs1568049596,G,C,JK*01N.23 (JK*A background),G>C transversion at +5 position of intron 9 donor site → aberrant splicing → frameshift p.Ala313Glyfs*34 → premature stop,Serological + molecular,None reported,Brazilian (sickle cell disease patient),Not in gnomAD,Not in gnomAD,Not in gnomAD,Not available,NOT FEASIBLE,NOT FEASIBLE,G>C transversion. Cannot be corrected by BE4max or ABE8e.,N/A,2019,"Castilho L 2019, Transfusion (PMID 30964549)",https://pubmed.ncbi.nlm.nih.gov/30964549/,UNAUDITED,https://gnomad.broadinstitute.org/variant/rs1568049596?dataset=gnomad_r4
Kidd,Kidd (SLC14A1),SLC14A1,chr18,minus,009,NM_015865.7:c.1_341del (NG_011775.4: ~1.6kb deletion),Jk(a-b-): Jknull (JK:-3),,Deletion spanning exons 3-4 and flanking intronic sequence (~1.6 kb); cryptic splice sites in intron 3 activated,KIDD-NC-008,Exon 3-4 deletion (old exon 4-5): internal genomic deletion,Structural Variant,Structural Variant,"chr18:43,313,000–43,315,000 approx (minus strand; exact breakpoints from AF328892)",N/A,N/A,N/A,JK*01N.01 (JK*A background),Internal ~1.6 kb deletion encompassing exons 3-4; deleted exons replaced by 136 bp intronic sequence from intron 3 (using cryptic splice sites 315 bp and 179 bp upstream of exon 4) → no functional protein,Serological + molecular,None reported,Tunisian (anti-Jk3 patient); also Swiss families,Not in gnomAD,Not in gnomAD,Not in gnomAD,Not available,N/A,N/A,Large structural deletion: not amenable to base editing,N/A,2002,"Lucien N 2002, Blood (PMID 11807016)",https://pubmed.ncbi.nlm.nih.gov/11807016/,UNAUDITED,
Kidd,Kidd (SLC14A1),SLC14A1,chr18,minus,009,NM_015865.7:c.947-1453_*2066del (NG_011775.4:g.64898_69992del),Loss of Jk^a on affected allele (Jk(a-b+) in heterozygous state); potential Jknull if compound het with another null allele,,Deletion spanning exons 9-10 and flanking intronic/3'UTR sequence (~5 kb); intronic breakpoints included,KIDD-NC-009,~5 kb deletion spanning exons 9-10 (JK*01 background),Structural Variant,Structural Variant,"chr18:43,279,000–43,284,000 approx (minus strand)",N/A,N/A,N/A,Novel (not yet formally designated; ClinVar VCV001202625.1),Large deletion of C-terminal coding exons 9-10 plus intronic sequence → premature termination → absent Jk^a surface expression,Serological + molecular (Nanopore long-read sequencing),None (identified in routine donor genotyping),Swiss (3 unrelated donors found by Oxford Nanopore sequencing),Not in gnomAD,Not in gnomAD,Not in gnomAD,Not available,N/A,N/A,Large structural deletion: not amenable to base editing,N/A,2024,"Gueuning M 2024, Biomedicines (PMID 38275395)",https://pubmed.ncbi.nlm.nih.gov/38275395/,UNAUDITED,
Kidd,Kidd (SLC14A1),SLC14A1,chr18,minus,009,NM_015865.7:c.341+10C>T,Phenotypic significance uncertain: detected by NGS,,"Intron 4, 10 nt distal to exon 4 donor site",KIDD-NC-010,"Intron 4, +10 position (deep intronic)",Deep Intronic,SNV,"chr18:43,313,? (minus strand)",N/A,C,T,N/A,Intronic variant 10 nt from donor site; not a canonical splice site. Potential cryptic splice site activation: no in vitro validation published.,Database only,None,Various (detected in multi-ethnic NGS cohort),Not established,Not established,Not established,Not available,N/A,N/A,Intronic SNV: insufficient data for BE design,N/A,2022,"Vorholt SM 2022, Transfus Med Hemother (PMID 36818776)",https://pubmed.ncbi.nlm.nih.gov/36818776/,UNAUDITED,https://gnomad.broadinstitute.org/variant/18-43313-C-T?dataset=gnomad_r4
Kidd,Kidd (SLC14A1),SLC14A1,chr18,minus,009,NM_015865.7:c.342-19T>A,Phenotypic significance uncertain,,"Intron 4, 19 nt proximal to exon 5 acceptor site",KIDD-NC-011,"Intron 4, -19 position (near acceptor)",Deep Intronic,SNV,"chr18:43,313,? (minus strand)",N/A,T,A,N/A,Near-acceptor intronic variant 19 nt from acceptor site; may affect splicing regulatory sequences or branch point. No experimental validation published.,Database only,None,Various (multi-ethnic NGS cohort),Not established,Not established,Not established,Not available,NOT FEASIBLE,NOT FEASIBLE,T>A transversion: not correctable by CBE or ABE,N/A,2022,"Vorholt SM 2022, Transfus Med Hemother (PMID 36818776)",https://pubmed.ncbi.nlm.nih.gov/36818776/,UNAUDITED,https://gnomad.broadinstitute.org/variant/18-43313-T-A?dataset=gnomad_r4
Kidd,Kidd (SLC14A1),SLC14A1,chr18,minus,009,NM_015865.7:c.470+12T>C,Phenotypic significance uncertain,,"Intron 5, 12 nt distal to exon 5 donor site",KIDD-NC-012,"Intron 5, +12 position",Deep Intronic,SNV,"chr18:43,308,? (minus strand)",N/A,T,C,N/A,Intronic variant 12 nt from donor site; not validated as affecting splicing. No functional data available.,Database only,None,Various (multi-ethnic NGS cohort),Not established,Not established,Not established,Not available,N/A,MEDIUM,T>C transition (C on reference/plus strand; T on minus/template strand). ABE8e on plus-strand guide could target A at this position. Guide design feasibility depends on PAM proximity: in silico design needed.,N/A,2022,"Vorholt SM 2022, Transfus Med Hemother (PMID 36818776)",https://pubmed.ncbi.nlm.nih.gov/36818776/,UNAUDITED,https://gnomad.broadinstitute.org/variant/18-43308-T-C?dataset=gnomad_r4
Kidd,Kidd (SLC14A1),SLC14A1,chr18,minus,009,NM_015865.7:c.947-13T>C,Phenotypic significance uncertain,,"Intron 8, 13 nt proximal to exon 9 acceptor site",KIDD-NC-013,"Intron 8, -13 position (near acceptor)",Deep Intronic,SNV,"chr18:43,288,? (minus strand)",N/A,T,C,N/A,Near-acceptor intronic variant; 13 nt from exon 9 acceptor. Potential polypyrimidine tract disruption. No experimental validation.,Database only,None,Various (multi-ethnic NGS cohort),Not established,Not established,Not established,Not available,N/A,MEDIUM,T>C on minus-strand transcript; reference strand has A>G here. ABE8e on plus-strand guide could target A at this position. Significance uncertain: functional validation needed.,N/A,2022,"Vorholt SM 2022, Transfus Med Hemother (PMID 36818776)",https://pubmed.ncbi.nlm.nih.gov/36818776/,UNAUDITED,https://gnomad.broadinstitute.org/variant/18-43288-T-C?dataset=gnomad_r4
Kidd,Kidd (SLC14A1),SLC14A1,chr18,minus,009,,,,,Source: ISBT JK allele table v8.3 (Sep 2024) + published literature. Generated: 2026-03-27. All PMIDs independently verified. Audit Status = UNAUDITED for all rows.,,,,,,,,,,,,,,,,,,,,,,,,,
MNS,MNS (GYPA/GYPB),GYPA/GYPB,chr4,plus,002,GYPA c.357+1G>T,En(a-) [M-N- En^a negative],GYPA*02N.01,"GYPA: Intron 5, donor splice site +1",MNS-NC-001,IVS5+1G>T,Splice Site - Donor (canonical),SNV,N/A,rs1236260993,G,T,,Disruption of canonical GT donor splice site (intron 5 +1); loss of GU dinucleotide → intron 5 retention or exon 6 skipping → premature stop codon → GPA absent from red cell surface,Database only,N/A,N/A,Not in gnomAD,Not in gnomAD,Not in gnomAD,Not available,NOT FEASIBLE,NOT FEASIBLE,G→T transversion; neither CBE nor ABE can install transversions,N/A,2023,ISBT MNS Working Party 2023 (ISBT allele table v5.7),https://www.isbtweb.org/isbt-working-parties/rcibgt-old/blood-group-allele-tables.html,UNAUDITED,https://gnomad.broadinstitute.org/variant/rs1236260993?dataset=gnomad_r4
MNS,MNS (GYPA/GYPB),GYPA/GYPB,chr4,plus,002,GYPA del exons 2-7 (+ GYPB exon 1),En(a-) [M-N- En^a negative; Finnish type],GYPA*28N.01,GYPA: Deletion of exons 2-7 and flanking intronic/regulatory sequences; GYPB exon 1 also deleted,MNS-NC-002,En(Fin); GYPA*28N.01,Structural Variant,Structural Variant,N/A,N/A,N/A,N/A,,Homozygous deletion of entire GYPA coding region (exons 2-7) plus GYPB exon 1; loss of GPA and partial GPB structure → complete absence of GPA from RBC membrane; En(Fin) type of En(a-),Serological + molecular,N/A,Finnish population (En(Fin) type),Not in gnomAD,Not in gnomAD,Not in gnomAD,Not available,N/A,N/A,Structural variant: base editing N/A,N/A,1988,"Rahuel 1988, Eur J Biochem (PMID 3197721)",https://pubmed.ncbi.nlm.nih.gov/3197721/,UNAUDITED,
MNS,MNS (GYPA/GYPB),GYPA/GYPB,chr4,plus,002,GYP*01N: Del GYPA exons 2-7 + GYPB exons 1-5,M-N-S-s-U- (M^k phenotype),GYP*01N,GYPA/GYPB: Large deletion encompassing all GYPA coding exons and all GYPB coding exons; GYP*01N,MNS-NC-003,M^k phenotype; triple null GPA/GPB,Structural Variant,Structural Variant,N/A,N/A,N/A,N/A,,Large deletion of GYPA exons 2-7 and GYPB exons 1-5 including flanking intronic/regulatory sequences → complete absence of both GPA and GPB → M^k null phenotype; patients can make allo-anti-M+N+S+s+U (anti-Ena),Serological + molecular,N/A,Rare; sporadic worldwide,Not in gnomAD,Not in gnomAD,Not in gnomAD,Not available,N/A,N/A,Structural variant: base editing N/A,N/A,1997,"Blumenfeld 1997, Transfus Clin Biol (PMID 9269716)",https://pubmed.ncbi.nlm.nih.gov/9269716/,UNAUDITED,
MNS,MNS (GYPA/GYPB),GYPA/GYPB,chr4,plus,002,GYPA c.295delG (Exon 5 frameshift → null),En(a-) [M-N- En^a negative],GYPA*01N.02,GYPA: Exon 5 single-nucleotide frameshift deletion (borderline non-coding: exonic indel causing null via NMD),MNS-NC-004,GYPA*01N.02; p.Val99Ter,Structural Variant,Small Deletion,N/A,N/A,G,del,,Frameshift deletion in exon 5 (c.295delG; p.Val99Ter) → premature stop codon → NMD → GPA absent from RBC; patient homozygous; fatal hemolytic transfusion reaction due to alloantibody anti-En^a documented,Serological + molecular,N/A,Thai (case report),Not in gnomAD,Not in gnomAD,Not in gnomAD,Not available,NOT FEASIBLE,NOT FEASIBLE,Single-nt deletion (indel): base editing does not create indels,N/A,2022,"Suwanwootichai 2022, Vox Sang (PMID 36102166)",https://pubmed.ncbi.nlm.nih.gov/36102166/,UNAUDITED,
MNS,MNS (GYPA/GYPB),GYPA/GYPB,chr4,plus,002,GYPB c.270+5G>T,"S-U+var [MNS:−3,w5]; reduced U antigen expression; He+ in some",GYPB*03N.03 (GYPB*P2); background: GYPB*S allele (c.143C>T),"GYPB: Intron 5 (IVS5) donor splice site, position +5; co-occurs with c.143C>T (p.Thr48Met)",MNS-NC-005,IVS5+5G>T; GYPB*P2; GYPB*03N.03,Splice Site - Donor (canonical),SNV,N/A,rs139511876,G,T,,Non-canonical splice donor mutation at IVS5+5 position weakens 5' splice site recognition of GYPB exon 5 (B-exon 5) → near-complete skipping of exon 5 → reduced/absent GPB B-specific sequence → weak U antigen expression; confirmed by RT-PCR in patient samples,Serological + molecular,None (patient RBC samples; RT-PCR),African descent (present in ~73% of S-s-U+var individuals in African Americans),N/A,N/A,N/A,Not available,NOT FEASIBLE,NOT FEASIBLE,G→T transversion; not correctable by CBE (C→T) or ABE (A→G),N/A,2003,"Storry 2003, Transfusion (PMID 14641872)",https://pubmed.ncbi.nlm.nih.gov/14641872/,UNAUDITED,https://gnomad.broadinstitute.org/variant/rs139511876?dataset=gnomad_r4
MNS,MNS (GYPA/GYPB),GYPA/GYPB,chr4,plus,002,GYPB c.270+5G>A,"s-U+var [MNS:−4,w5]; reduced U antigen; s-negative",GYPB*04N.01; background: GYPB*s allele,"GYPB: Intron 5 (IVS5) donor splice site, position +5; on GYPB*s (s-positive) background",MNS-NC-006,IVS5+5G>A; GYPB*04N.01,Splice Site - Donor (canonical),SNV,N/A,rs139511876,G,A,,"G→A at IVS5+5 on GYPB*s background; minigene-based splicing assay confirmed exon B5 skipping (same mechanism as GYPB*P2 c.270+5G>T); unlike P2/NY, this mutation inactivates a GYPB*s allele and is not of African origin",Serological + molecular,Minigene (splicing assay in 293T or similar),Non-African (Swiss patient; Egyptian father carrier of GYPB deletion),Not in gnomAD,Not in gnomAD,Not in gnomAD,Not available,MEDIUM,NOT FEASIBLE,G→A on plus strand: CBE targets C→T on minus strand (complement of G→A); minus-strand guide with NGG PAM needed within ±20 nt of IVS5+5 position; PAM availability not confirmed: MEDIUM feasibility pending guide design,Potential bystander C edits in editing window: verify guide design,2014,"Saison 2014, Transfusion (PMID 24738877)",https://pubmed.ncbi.nlm.nih.gov/24738877/,UNAUDITED,https://gnomad.broadinstitute.org/variant/rs139511876?dataset=gnomad_r4
MNS,MNS (GYPA/GYPB),GYPA/GYPB,chr4,plus,002,GYPB c.37+4_8delAGTGA,"s-U- [MNS:−4,−5]; s-negative, U-negative",GYPB*04N.02; background: GYPB*s allele,"GYPB: Intron 1 (IVS1) donor splice site, positions +4 to +8; 5-bp deletion",MNS-NC-007,IVS1+4_+8del5; GYPB*04N.02,Splice Site - Donor (canonical),Small Deletion,N/A,rs139511876,AGTGA,del,,Five-base deletion (AGTGA) at IVS1+4 to +8 disrupts the IVS1 donor splice site → aberrant splicing of intron 1 → frameshift or exon 2 skipping → loss of GPB expression → null phenotype; first null allele reported on a GYPB*s background (Thonier 2022),Serological + molecular,N/A,Rare; reported in European/mixed background,Not in gnomAD,Not in gnomAD,Not in gnomAD,Not available,N/A,N/A,Deletion: not targetable by base editing,N/A,2022,"Thonier 2022, Transfusion (PMID 35441363)",https://pubmed.ncbi.nlm.nih.gov/35441363/,UNAUDITED,https://gnomad.broadinstitute.org/variant/rs139511876?dataset=gnomad_r4
MNS,MNS (GYPA/GYPB),GYPA/GYPB,chr4,plus,002,GYPB c.208G>T; c.230C>T (+ c.251C>G cryptic 3' splice activation),"S-U+var [MNS:−3,w5]; reduced U antigen; He+ in some",GYPB*03N.01 (GYPB*NY); background: GYPB*S allele (c.143C>T),GYPB: Exon 5 coding changes that activate cryptic 3' splice site created by c.251C>G; deep in exon 5 context,MNS-NC-008,GYPB*NY; GYPB*03N.01; multiple exon 5 changes,Splice Site - Acceptor (canonical),SNV,N/A,rs147719799; rs79492560,G; C,T; T,,c.251C>G (present in all GYPB*S alleles) creates a cryptic 3' splice site; c.208G>T and c.230C>T in exon 5 further drive partial exon 5 skipping via this cryptic acceptor → partial loss of B-specific exon 5 sequence → reduced U expression; accounts for ~27% of S-s-U+var cases in African Americans,Serological + molecular,None (patient RBC samples; RT-PCR),African descent (~27% of S-s-U+var in African Americans),N/A,N/A,N/A,Not available,NOT FEASIBLE,NOT FEASIBLE,G→T transversions (c.208G>T; c.230C>T): not correctable by CBE or ABE,N/A,2003,"Storry 2003, Transfusion (PMID 14641872)",https://pubmed.ncbi.nlm.nih.gov/14641872/,UNAUDITED,
MNS,MNS (GYPA/GYPB),GYPA/GYPB,chr4,plus,002,GYPB c.270+3G>A,S+ (altered but not null; splicing context change at +3),GYPB*03.06; background: GYPB*S allele (c.143C>T),"GYPB: Intron 5 (IVS5) donor splice site, position +3; co-occurs with c.143C>T",MNS-NC-009,IVS5+3G>A; part of GYPB*03.06,Splice Site - Donor (canonical),SNV,N/A,rs189650740,G,A,,Position +3 of IVS5 donor splice site; A at +3 weakens splice site consensus but less severely than +5 mutations; G→A transition may reduce exon 5 splicing efficiency; not null phenotype in known carriers,Database only,N/A,N/A,Not in gnomAD (rare allele),Not in gnomAD,Not in gnomAD,Not available,MEDIUM,NOT FEASIBLE,G→A on plus strand: CBE minus-strand guide (targeting C→T = G→A on reference); +3 position may have NGG PAM available; MEDIUM feasibility,Bystander edits possible: guide design needed,2023,ISBT MNS Working Party 2023 (ISBT allele table v5.7),https://www.isbtweb.org/isbt-working-parties/rcibgt-old/blood-group-allele-tables.html,UNAUDITED,https://gnomad.broadinstitute.org/variant/rs189650740?dataset=gnomad_r4
MNS,MNS (GYPA/GYPB),GYPA/GYPB,chr4,plus,002,GYPB c.137-6T>G,"S+ (altered splicing context, not null; exon 4 splice acceptor affected)",GYPB*03.05; background: GYPB*S allele,"GYPB: Intron 3 (IVS3) acceptor splice site, position -6 (6 bp upstream of exon 4 start); co-occurs with c.143C>T",MNS-NC-010,IVS3-6T>G; part of GYPB*03.05,Splice Site - Acceptor (canonical),SNV,N/A,rs190746696,T,G,,Position -6 of IVS3 acceptor splice site; T→G substitution at the polypyrimidine tract region upstream of exon 4 acceptor; weakens splice site consensus; not causing null phenotype in known carriers,Database only,N/A,N/A,Not in gnomAD,Not in gnomAD,Not in gnomAD,Not available,NOT FEASIBLE,NOT FEASIBLE,T→G transversion: not correctable by CBE (C→T only) or ABE (A→G only),N/A,2023,ISBT MNS Working Party 2023 (ISBT allele table v5.7),https://www.isbtweb.org/isbt-working-parties/rcibgt-old/blood-group-allele-tables.html,UNAUDITED,https://gnomad.broadinstitute.org/variant/rs190746696?dataset=gnomad_r4
MNS,MNS (GYPA/GYPB),GYPA/GYPB,chr4,plus,002,GYPB c.137-47G>C; c.137-36T>A,s-negative [MNS:−4],GYPB*04N.07,"GYPB: Deep intronic region, Intron 3; two variants 47 bp and 36 bp upstream of exon 4",MNS-NC-011,"Deep intronic IVS3 variants; GYPB*04N.07 (previously listed, removed from v5.7)",Deep Intronic,SNV,N/A,rs376429904; rs7662277,G; T,C; A,,Two deep intronic variants in intron 3 (−47 and −36 bp from exon 4): possibly disrupt intronic splicing regulatory elements or branch point sequence → aberrant exon 4 inclusion/exclusion → s-negative phenotype; exact mechanism not published in peer-reviewed form,Database only,N/A,N/A,Not in gnomAD,Not in gnomAD,Not in gnomAD,Not available,NOT FEASIBLE,NOT FEASIBLE,G→C and T→A transversions: not correctable by CBE or ABE,N/A,2022,"ISBT MNS Working Party 2022 (allele table v5.4, removed v5.7)",https://www.isbtweb.org/isbt-working-parties/rcibgt-old/blood-group-allele-tables.html,FLAGGED: allele removed from ISBT v5.7; no PMID confirmed; mechanism unpublished,
MNS,MNS (GYPA/GYPB),GYPA/GYPB,chr4,plus,002,GYPB c.137-47G>C; c.137-36T>A; c.148+84T>A,s-negative or s+w (weak) [MNS:−4 or s+w],GYPB*04N.08,"GYPB: Deep intronic regions, Intron 3 and Intron 4 (c.148+84T>A = 84 bp into intron 4)",MNS-NC-012,"Deep intronic IVS3+IVS4 variants; GYPB*04N.08 (previously listed, removed v5.7)",Deep Intronic,SNV,N/A,rs376429904; rs7662277; rs7661933,G; T; T,C; A; A,,Three intronic variants spanning introns 3 and 4 (IVS3 deep intronic + IVS4 +84); combination likely disrupts splicing regulatory elements → altered exon 4 or exon 5 processing → s-negative or weak s phenotype,Database only,N/A,N/A,Not in gnomAD,Not in gnomAD,Not in gnomAD,Not available,NOT FEASIBLE,NOT FEASIBLE,Transversions: not correctable by CBE or ABE,N/A,2022,"ISBT MNS Working Party 2022 (allele table v5.4, removed v5.7)",https://www.isbtweb.org/isbt-working-parties/rcibgt-old/blood-group-allele-tables.html,FLAGGED: allele removed from ISBT v5.7; no PMID confirmed,
MNS,MNS (GYPA/GYPB),GYPA/GYPB,chr4,plus,002,GYPB*05N.01: Del GYPB 110 kb,"S-s-U- [MNS:−3,−4,−5]; complete GPB absence",GYPB*05N.01,"GYPB: Large deletion 110.24 kb encompassing entire GYPB gene and flanking sequences (GRCh38.p12 NC_000004.12: 143,914,828–144,025,065)",MNS-NC-013,GYPB*05N.01; 110.24-kb deletion,Structural Variant,Structural Variant,chr4:143914828-144025065 (GRCh38),N/A,N/A,N/A,,"Homozygous 110.24-kb deletion encompasses entire GYPB gene and extends 5.78 kb upstream of start codon to 9.32 kb upstream of GYPE start codon; destroys all GYPB regulatory sequences including promoter, all exons, introns; most frequent cause of S-s-U- in Black Americans (~75% of S-s-U- deletional haplotypes)",Serological + molecular,N/A,Black Africans and African Americans (most prevalent deletional allele),~0.008 (estimated from 1000G AFR),~0.04 (1000G AFR estimate),Rare,Not available,N/A,N/A,Structural variant: base editing N/A,N/A,2020,"Gassner 2020, Transfus Med Hemother (PMID 32884505)",https://pubmed.ncbi.nlm.nih.gov/32884505/,UNAUDITED,
MNS,MNS (GYPA/GYPB),GYPA/GYPB,chr4,plus,002,GYPB*05N.02: Del GYPB 103 kb,"S-s-U- [MNS:−3,−4,−5]; complete GPB absence",GYPB*05N.02,"GYPB: Large deletion 103.26 kb; starts 16.47 kb downstream of GYPA stop codon to 4.58 kb downstream of GYPB stop codon (GRCh38.p12: 143,991,719–144,094,973)",MNS-NC-014,GYPB*05N.02; 103.26-kb deletion,Structural Variant,Structural Variant,chr4:143991719-144094973 (GRCh38),N/A,N/A,N/A,,"Homozygous or compound heterozygous 103.26-kb deletion encompasses entire GYPB gene; second most prevalent cause of S-s-U- in Black Africans; particularly prevalent in Biaka Pygmy (CAR, 13.9%) and Mbuti Pygmy (DR Congo, 13.3%)",Serological + molecular,N/A,"Black Africans (Biaka Pygmy CAR, Mbuti Pygmy DR Congo; ~19.2% of S-s-U- deletional haplotypes)",~0.003 (estimated from 1000G AFR),~0.015 (1000G AFR estimate),Rare,Not available,N/A,N/A,Structural variant: base editing N/A,N/A,2020,"Gassner 2020, Transfus Med Hemother (PMID 32884505)",https://pubmed.ncbi.nlm.nih.gov/32884505/,UNAUDITED,
MNS,MNS (GYPA/GYPB),GYPA/GYPB,chr4,plus,002,GYPB*05N.03: Del GYPB 18.61 kb,"S-s-U- [MNS:−3,−4,−5]; complete GPB absence (exon 1 intact but no functional GPB)",GYPB*05N.03,"GYPB: Deletion 18.61 kb; starts 1.48 kb 5' of donor splice site of exon 2; reaches 12.63 kb downstream of stop codon (GRCh38.p12: 143,990,949–144,002,272); affects exon 2 onwards",MNS-NC-015,GYPB*05N.03; ~19-kb GYPB deletion,Structural Variant,Structural Variant,chr4:143990949-144002272 (GRCh38),N/A,N/A,N/A,,19-kb deletion removes GYPB exons 2-6 including all internal exons and flanking intronic sequences; exon 1 remains but GPB protein not expressed; identified in 1000G African sample (Coriell HG01880); rare deletion distinct from the 110/103-kb variants,Serological + molecular,N/A,African (rare; identified in 1000G sample),Rare (single allele in 1000G),Rare,Not found,Not available,N/A,N/A,Structural variant: base editing N/A,N/A,2020,"Gassner 2020, Transfus Med Hemother (PMID 32884505)",https://pubmed.ncbi.nlm.nih.gov/32884505/,UNAUDITED,
MNS,MNS (GYPA/GYPB),GYPA/GYPB,chr4,plus,002,GYPB*05N.04: Del GYPB exons 2-5 + GYPE exon 1,"S-s-U- [MNS:−3,−4,−5]",GYPB*05N.04,GYPB/GYPE: Deletion spanning GYPB exons 2-5 and GYPE exon 1; intronic regions included,MNS-NC-016,GYPB exon 2-5 deletion (historical description),Structural Variant,Structural Variant,N/A,N/A,N/A,N/A,,Deletion of GYPB exons 2-5 and GYPE exon 1 (early description predating precise breakpoint mapping); loss of GPB expression → S-s-U-; historically described by Southern blot analysis,Serological + molecular,N/A,African (early case reports),Not in gnomAD,Not in gnomAD,Not in gnomAD,Not available,N/A,N/A,Structural variant: base editing N/A,N/A,1989,"Huang CH et al., Blood 1987;70:1830-5 (PMID 2823938); Blumenfeld 1997 (PMID 9269716)",https://pubmed.ncbi.nlm.nih.gov/9269716/,CORRECTED: ref1 author/journal/year Tate/Transfusion/1989 → Huang/Blood/1987,
MNS,MNS (GYPA/GYPB),GYPA/GYPB,chr4,plus,002,GYPB Promoter: GATA-1 binding site at −37 (functional site),Loss of erythroid GYPB transcription (experimental only),N/A (wild-type regulatory architecture; documented by site-directed mutagenesis),GYPB: Proximal promoter; GATA-1 binding site at −37 bp relative to transcription start site,MNS-NC-017,GYPB promoter GATA element at −37 bp,Promoter / 5'UTR,N/A,N/A,N/A,N/A,N/A,,Mutagenesis of the −37 GATA-1 binding site in GYPB proximal promoter abolishes GATA-1-dependent transcriptional activation in erythroid cells; the −37 GATA site is required for efficient GYPB expression; no clinical variant at this position has been reported,Cell culture,Erythroid and non-erythroid cell lines (cotransfection assay; Rahuel 1992),N/A (experimental system),N/A,N/A,N/A,Not available,MEDIUM,NOT FEASIBLE,If a C is present in editing window at −37 GATA site: CBE could potentially model GATA-1 binding disruption; ABE not applicable; MEDIUM feasibility: depends on genomic sequence context and PAM availability,Potential bystander edits in GATA site region,1992,"Rahuel 1992, EMBO J (PMID 1396593)",https://pubmed.ncbi.nlm.nih.gov/1396593/,UNAUDITED,
MNS,MNS (GYPA/GYPB),GYPA/GYPB,chr4,plus,002,GYPB Promoter: GATA-1 binding site at −75 (erythroid specificity element),Loss of erythroid specificity (experimental): ubiquitous expression or non-expression,N/A (wild-type regulatory architecture; documented by site-directed mutagenesis),GYPB: Distal promoter; overlapping hGATA-1 and ubiquitous protein binding sites at −75 bp; critical erythroid repressor/activator balance,MNS-NC-018,GYPB distal promoter GATA-1 at −75; hGATA-1/ubiquitous protein overlap,Promoter / 5'UTR,N/A,N/A,N/A,N/A,N/A,,Mutagenesis of −75 GATA-1 site with intact ubiquitous site extinguishes GYPB promoter activity; double mutation of both binding sites causes loss of erythroid specificity; hGATA-1 displaces repressor proteins bound at −75 to activate GYPB transcription in erythroid cells,Cell culture,Erythroid and non-erythroid cell lines (CAT reporter assay; Rahuel 1992),N/A (experimental system),N/A,N/A,N/A,Not available,MEDIUM,NOT FEASIBLE,Possible CBE guide targeting C→T in GATA site context at −75; MEDIUM feasibility,Must verify no coding disruption nearby,1992,"Rahuel 1992, EMBO J (PMID 1396593)",https://pubmed.ncbi.nlm.nih.gov/1396593/,UNAUDITED,
MNS,MNS (GYPA/GYPB),GYPA/GYPB,chr4,plus,002,GYPB Promoter: E-box at −70 (USF1/USF2 binding; erythroid repressor element),Loss of erythroid-specific GPB expression; ectopic GPB expression in non-erythroid cells (experimental),N/A (wild-type regulatory architecture; mutagenesis study),GYPB: E-box sequence at −70 bp in distal promoter; binds USF1/USF2 (activating) and ubiquitous repressor factor U (repressing in non-erythroid cells),MNS-NC-019,GYPB E-box −70; USF1/USF2 and ubiquitous factor U binding,Promoter / 5'UTR,N/A,N/A,N/A,N/A,N/A,,"E-box at −70 is occupied by both USF (activating) and factor U (repressing); mutagenesis impairing factor U binding leads to GYPB expression in non-erythroid cells (loss of erythroid specificity); along with Ku70, this E-box represses GYPB in non-erythroid contexts",Cell culture,Erythroid and non-erythroid cell lines (CAT reporter; cotransfection; Camara-Clayette 1999),N/A (experimental system),N/A,N/A,N/A,Not available,MEDIUM,NOT FEASIBLE,E-box CANNTG: if a C→T edit in editing window disrupts E-box → possible; MEDIUM feasibility,E-box disruption may have pleiotropic effects,1999,"Camara-Clayette 1999, Biochem Biophys Res Commun (PMID 10548509)",https://pubmed.ncbi.nlm.nih.gov/10548509/,UNAUDITED,
MNS,MNS (GYPA/GYPB),GYPA/GYPB,chr4,plus,002,GYPB IVS3 5' splice site inactivating mutation (evolutionary; pseudoexon B silencing),Pseudoexon B (GYPB intron 2 region) excluded from normal GYPB transcript: required for correct GPB expression,GYPB (all normal GYPB alleles),GYPB: Intron 2/3 boundary (pseudoexon B region); inactivating point mutation at ancestral 5' splice site of GYPA intron 3 homolog that silences GYPB pseudoexon inclusion,MNS-NC-020,GYPB intron 3 (former intron 3 of ancestral GPA gene) splice site loss; pseudoexon B silence,Intronic Regulatory,SNV,N/A,N/A,N/A,N/A,,"GYPB evolved from GYPA by Alu-mediated recombination; in this process, a point mutation arose at the 5' splice site of GYPB intron 3 (corresponding to GYPA exon 3 donor) that inactivates 5' cleavage → exon 2 directly ligates to exon 4 in GYPB, skipping the pseudoexon; when hybrid alleles (GP.Mur, etc.) incorporate this region, the splice site context changes and the pseudoexon can be included",In vivo,N/A,Universal (present in all normal GYPB alleles),N/A (constitutive feature of GYPB),N/A,N/A,Not available,N/A,N/A,Evolutionary/constitutive feature: base editing N/A,N/A,1989,"Kudo 1989, Proc Natl Acad Sci USA (PMID 2734312)",https://pubmed.ncbi.nlm.nih.gov/2734312/,UNAUDITED,
MNS,MNS (GYPA/GYPB),GYPA/GYPB,chr4,plus,002,GYPB*03N.07: c.137-8C>T; c.143C>T; c.270+5G>T,"S-U+var [MNS:−3,w5]",GYPB*03N.07; background: GYPB*S allele,"GYPB: Two intronic changes: IVS3 acceptor at -8 (c.137-8C>T) plus IVS5 donor at +5 (c.270+5G>T); also c.143C>T (exon 4, p.Thr48Met)",MNS-NC-021,IVS3-8C>T + IVS5+5G>T; near-splice and donor site mutations,Splice Site - Acceptor (canonical),SNV,N/A,rs183176514; rs7683365; rs139511876,C; C; G,T; T; T,,Combined near-splice acceptor change at IVS3−8 and canonical splice donor change at IVS5+5; the IVS3 change (-8 position) may further impair exon 4 definition in conjunction with the IVS5+5 mutation → exon 5 skipping → S-U+var phenotype,Database only,N/A,N/A,Not in gnomAD,Not in gnomAD,Not in gnomAD,Not available,NOT FEASIBLE,NOT FEASIBLE,G→T at IVS5+5 is transversion; C→T at IVS3-8 is CBE-feasible but companion G→T is not: combined correction not feasible,N/A,2023,ISBT MNS Working Party 2023 (allele table v5.7),https://www.isbtweb.org/isbt-working-parties/rcibgt-old/blood-group-allele-tables.html,UNAUDITED,
MNS,MNS (GYPA/GYPB),GYPA/GYPB,chr4,plus,002,"GYPB*03N.05: Complex allele: c.270+5G>T + multiple exon 5 changes + c.87T>C, c.96T>C, c.102A>G","S-U+var [MNS:−3,w5]; similar to GYPB*P2 but with additional background mutations",GYPB*03N.05,GYPB: Intron 5 donor +5 (c.270+5G>T) with multiple synonymous exon 5 changes and additional S-antigen background mutations,MNS-NC-022,GYPB*03N.05; GYP*He(P2) related; extended P2-type,Splice Site - Donor (canonical),SNV,N/A,rs189622883; rs185195348; rs189456867; rs775580417; rs772460739; rs184895867; rs181496233; rs138856510; rs7683365; rs79492560; rs139511876,Complex,Complex,,Complex allele with IVS5+5G>T (primary splice-disrupting mutation = same as P2) plus additional synonymous/background changes; splice mechanism identical to GYPB*03N.03; the additional coding changes are synonymous or near-silent and do not alter the primary splice phenotype,Serological + molecular,N/A,African descent,Not in gnomAD,Not in gnomAD,Not in gnomAD,Not available,NOT FEASIBLE,NOT FEASIBLE,G→T at IVS5+5 is transversion; not correctable by CBE or ABE,N/A,2021,"Lapadat AM et al., Transfusion 2021;61:E34-E36 (PMID 33733475)",PMID unconfirmed: [ISBT allele table v5.7; PMID 33733475 listed but not independently verified],"CORRECTED: previously unconfirmed; PMID verified as Lapadat et al. 2021 Transfusion, topically on-point (GYPB S-silencing variants)",
KellOther,"Kell Other (Kpa/Kpb, Jsa/Jsb)",KEL,chr7,plus,006,c.1414-1G>T,Ko (Kell-null); anti-Ku alloimmunization,KEL*02 background (k/Kpb/Jsb),"Intron 12, -1 (3'ss acceptor)",KELLOTHER-NC-001,IVS12-1G>T,Splice Site - Acceptor (canonical),SNV,"chr7:142,944,401 G>T",rs906814829 (position; G>T not G>C),G,T,,AG→AT at intron 12 acceptor; loss of canonical AG dinucleotide; aberrant splicing of exon 13; frameshift → premature stop; absent all Kell antigens including Kpb and Jsb,Clinical (Serological + Molecular),None,Polish (Central European),Not in gnomAD,Not in gnomAD,Not in gnomAD,Not available,NOT FEASIBLE,NOT FEASIBLE,G>T transversion: neither CBE nor ABE applicable,N/A,2022,"Pelc-Kłopotowska M 2022, Transfusion (PMID 35932201)",https://pubmed.ncbi.nlm.nih.gov/35932201/,UNAUDITED,https://gnomad.broadinstitute.org/variant/7-142944401-G-T?dataset=gnomad_r4
KellOther,"Kell Other (Kpa/Kpb, Jsa/Jsb)",KEL,chr7,plus,006,c.1719C>T,Ko (silent KEL allele): causes Kmod when compound heterozygous with second mod allele,KEL*02 background (k/Kpb/Jsb),"Exon 16, position +16 from 3' splice site (~ESE context; 16 bp downstream of intron 15/exon 16 junction)",KELLOTHER-NC-002,Exon 16 ESE synonymous Gly573= causing exon 16 skip,ESE Variant,SNV,"chr7:142,943,525 C>T",N/A,C,T,,Synonymous substitution p.Gly573= disrupts exonic splicing enhancer (ESE) in exon 16; complete exon 16 skipping confirmed by cDNA analysis; exon 16 skipping → frameshift → truncated protein; all Kell antigens absent,Clinical + Functional,Erythroid progenitor-derived erythrocytes (primary cells),British,Not in gnomAD,Not in gnomAD,Not in gnomAD,Not available,MEDIUM,NOT FEASIBLE,C→T transition at coding position (synonymous); BE4max (CBE) could theoretically revert T→C but therapeutic use is to prevent ESE disruption; guide design requires verification of editing window positioning and bystander C residues,Potential bystander edits at adjacent C residues in exon 16; requires careful guide design,2014,"Karamatic Crew V 2014, Vox Sang (PMID 24795954)",https://pubmed.ncbi.nlm.nih.gov/24795954/,UNAUDITED,https://gnomad.broadinstitute.org/variant/7-142943525-C-T?dataset=gnomad_r4
KellOther,"Kell Other (Kpa/Kpb, Jsa/Jsb)",KEL,chr7,plus,006,5'UTR region: no pathogenic variants reported,Theoretical: reduced KEL translation; no clinical case documented,Any KEL allele,Exon 1 5'UTR (30-120 nt upstream of ATG from 3 transcription start sites),KELLOTHER-NC-003,N/A,5'UTR,N/A (no variants),"chr7: ~142,976,000–142,976,200 (5'UTR region)",N/A,N/A,N/A,,"No pathogenic 5'UTR variants reported; theoretical mechanisms include uORF creation disrupting translation, Kozak sequence disruption (ATG-1 to -4), or mRNA secondary structure changes; 5'UTR is short (~30-50 nt depending on TSS used)",Not characterized,None,N/A,N/A,N/A,N/A,Not available,N/A,N/A,N/A: no confirmed variants to target,N/A,N/A,Research gap: no published report,https://www.isbtweb.org/asset/E2E59D08-7BC6-4B66-887B105E7652C4E5/,UNAUDITED,
KellOther,"Kell Other (Kpa/Kpb, Jsa/Jsb)",KEL,chr7,plus,006,3'UTR region: no pathogenic variants reported,Theoretical: mRNA destabilization or reduced translation; no clinical case documented,Any KEL allele,Exon 19 3'UTR and downstream region,KELLOTHER-NC-004,N/A,3'UTR,N/A (no variants),"chr7: ~142,941,000–142,940,000 (3'UTR region, + strand)",N/A,N/A,N/A,,"No pathogenic 3'UTR variants reported; theoretical: miRNA binding site disruption, polyadenylation signal alteration, mRNA stability changes; erythroid cells have regulated post-transcriptional mechanisms for blood group transcript stability",Not characterized,None,N/A,N/A,N/A,N/A,Not available,N/A,N/A,N/A: no confirmed variants to target,N/A,N/A,Research gap: no published report,https://www.isbtweb.org/asset/E2E59D08-7BC6-4B66-887B105E7652C4E5/,UNAUDITED,
KellOther,"Kell Other (Kpa/Kpb, Jsa/Jsb)",KEL,chr7,plus,006,Deep intronic variants: none confirmed,"Theoretical: cryptic splice site activation, intronic enhancer disruption; no clinical case with confirmed deep intronic KEL variant",Any KEL allele,KEL introns 1-19 (deep intronic positions),KELLOTHER-NC-005,N/A,Deep Intronic,N/A (no confirmed variants),"chr7:142,940,000–142,977,000 (intronic regions)",N/A,N/A,N/A,,No deep intronic KEL variants causing aberrant splicing have been published as of 2024; known K0 alleles all involve ±1/±2 canonical splice sites or near-canonical ±5 positions; systematic deep intronic sequencing of KEL has not been performed in large cohorts,Not characterized,None,N/A,N/A,N/A,N/A,Not available,N/A,N/A,N/A: no confirmed variants to target,N/A,N/A,Research gap: Körmöczi 2007 Transfusion (PMID 17381630),https://pubmed.ncbi.nlm.nih.gov/17381630/,UNAUDITED,
KellOther,"Kell Other (Kpa/Kpb, Jsa/Jsb)",KEL,chr7,plus,006,No Kpa-specific regulatory variants identified,"No Kpa-specific regulatory variants known; splice variants in introns 7-8 (KEL-NC-005, NC-006, NC-007 in prior table) cause Ko abolishing all antigens including Kpa/Kpb",KEL*03 (Kpa background) or KEL*02 (Kpb background),Kpa/Kpb regulatory context: KEL exon 8 flanking introns (intron 7 and intron 8),KELLOTHER-NC-006,N/A,Intronic Regulatory,N/A,"chr7:142,954,000–142,954,400 (introns 7-8 region)",N/A,N/A,N/A,,Kpa (KEL3) is defined by p.Trp281Arg (c.842T>C) in exon 8; no distinct regulatory variants selectively modulating Kpa vs. Kpb expression have been identified; IVS7 and IVS8 splice variants already documented in prior table cause K0 (complete null) rather than selective Kpa/Kpb antigen modulation,Not characterized,None,N/A,N/A,N/A,N/A,Not available,N/A,N/A,N/A,N/A,N/A,"Lee S 1996, Transfusion (PMID 8669078); research gap for Kpa-specific regulation",https://pubmed.ncbi.nlm.nih.gov/8669078/,UNAUDITED,
KellOther,"Kell Other (Kpa/Kpb, Jsa/Jsb)",KEL,chr7,plus,006,No Jsa/Jsb-specific regulatory variants identified,"No Jsa/Jsb-specific regulatory variants known; IVS16+1G>A (KEL*02N.31, prior table NC-011) causes Ko abolishing all Kell antigens; Jsa (KEL6) frequency ~19.5% African Americans: alloimmunization risk to Jsb is clinically significant in this population",KEL*06 (Jsa background) or KEL*02 (Jsb background),Jsa/Jsb regulatory context: KEL exon 17 flanking introns (intron 16 and intron 17),KELLOTHER-NC-007,N/A,Intronic Regulatory,N/A,"chr7:142,943,000–142,943,600 (introns 16-17 region)",N/A,N/A,N/A,,Jsa (KEL6) defined by p.Pro597Leu (c.1790C>T) in exon 17; no distinct regulatory variants selectively modulating Jsa vs. Jsb expression are known; IVS16 splice site (NC-011) causes exon 16 skipping and K0 without specific effect on the Jsa/Jsb polymorphism at codon 597; promoter variants (NC-013/014/015) reduce all KEL expression including Jsb,Not characterized,None,N/A,N/A,N/A,N/A,Not available,N/A,N/A,N/A,N/A,N/A,"Höher G 2020, Genet Mol Biol (PMID confirmed via PMC7263432); research gap for Jsa-specific regulation",https://pmc.ncbi.nlm.nih.gov/articles/PMC7263432/,UNAUDITED,
KellOther,"Kell Other (Kpa/Kpb, Jsa/Jsb)",KEL,chr7,plus,006,KLF1 heterozygous loss-of-function (trans-regulatory; not a KEL gene variant),"Weak Kell expression (Kmod-like) on all antigens; reduced Kpb, Jsb, k, Ku density; ~30-50% reduction in surface Kell protein; also affects Lutheran, CD44, Aquaporin-3, P1 antigens",Any KEL allele (trans effect on ALL KEL alleles),Trans-regulatory via KEL promoter KLF1 binding site,KELLOTHER-NC-008,KLF1 p.E325K (c.973G>A): prototype allele,Epigenetic,"SNV (in KLF1 gene, not KEL)","chr19:12,997,047 (KLF1 gene): affects KEL at chr7:142,976,000",rs121912617,G (KLF1),A (KLF1),,Heterozygous KLF1 loss-of-function reduces KLF1 occupancy at KEL proximal promoter KLF1/EKLF site; KLF1 drives erythroid-specific KEL transcription together with GATA1; KLF1 null human had weak Kell antigens; KLF1 E325K variant (Maltese population) causes erythroid transcriptional deficiency; similar to Wei Jsa blood group system where KLF1 binding governs expression,Functional in vitro + Clinical,Primary erythroid progenitors; HEL cells,Maltese-ancestry individuals (KLF1 E325K); KLF1 null human (single case report),Rare (<0.001 in Maltese; not in general gnomAD),Not in gnomAD,Not in gnomAD,Not available,"N/A (variant is in KLF1, not KEL)","N/A (variant is in KLF1, not KEL)","N/A: the therapeutic target would be KLF1 gene, not KEL; alternatively, the KLF1 binding site in the KEL promoter could be corrected",N/A,2011,"Singleton BK et al., Br J Haematol 2003;122(4):682-5 (PMID 12899725); Wu PC 2024, Transfusion (PMID 38644556)",https://pubmed.ncbi.nlm.nih.gov/21263053/,CORRECTED: ref1 PMID 21263053 (unrelated C. difficile paper) → 12899725 (real Singleton McLeod/XK paper); year/journal fixed,https://gnomad.broadinstitute.org/variant/rs121912617?dataset=gnomad_r4
KellOther,"Kell Other (Kpa/Kpb, Jsa/Jsb)",KEL,chr7,plus,006,KEL proximal promoter Sp1/GC-box region (variants not yet characterized),Minimal functional contribution: Wu 2024 luciferase shows Sp1 site alone contributes <10% of KEL promoter activity (similar to vector control); no pathogenic variants at Sp1 site reported,Any KEL allele,"KEL proximal promoter, Sp1/GC-box site (~-40 to -30 bp from ATG)",KELLOTHER-NC-009,Promoter Sp1 site,Promoter,N/A (no pathogenic variants reported),"chr7: ~142,975,960–142,975,980 (estimated)",N/A,N/A,N/A,,Wu 2024 (PMID 38644556) demonstrated that the KEL proximal promoter Sp1/GC-box region contributes minimally to transcriptional activity compared to GATA1 and KLF1 motifs; promoter construct including only Sp1 showed <10% luciferase activity; variants in Sp1 site not identified as pathogenic to date; CONTRAST: the GATA1-middle and KLF1 sites (already in prior table as NC-013 and NC-014) contribute >50% of promoter activity,Functional in vitro (luciferase),HEL cells (human erythroleukemia),N/A,N/A,N/A,N/A,Not available,N/A,N/A,N/A: no specific pathogenic variant at Sp1 site identified,N/A,2024,"Wu PC 2024, Transfusion (PMID 38644556)",https://pubmed.ncbi.nlm.nih.gov/38644556/,UNAUDITED,
KellOther,"Kell Other (Kpa/Kpb, Jsa/Jsb)",KEL,chr7,plus,006,XK 3'UTR: large (>3 kb); no pathogenic regulatory variants characterized,Theoretical: XK 3'UTR variants could reduce XK mRNA stability → weak Kx antigen → weakened Kell antigens (McLeod-like); no confirmed clinical case,XK gene (Xp21.1),"XK gene exon 3 3'UTR (large, >3 kb; contains abundant regulatory elements)",KELLOTHER-NC-010,N/A,3'UTR,N/A,"chrX: Xp21.1 (XK gene, 3'UTR)",N/A,N/A,N/A,,"XK gene has 3 exons; the 3'UTR is large (>3 kb) and may contain stability elements; known McLeod phenotype alleles involve coding mutations, XK splice sites, or large deletions; no pathogenic XK 3'UTR variants have been published as of 2024; XK is ubiquitously expressed but the 3'UTR has not been systematically characterized in erythroid cells",Not characterized,None,N/A,N/A,N/A,N/A,Not available,N/A,N/A,N/A: no confirmed variants,N/A,N/A,"Peikert K, Hermann A, Danek A. Transfus Med Hemother 2022;49(1):4-12 (PMID 35221863) [review]; Lomas-Francis C 2011, JNS (PMID 21420691: UNRESOLVED: this PMID resolves to an unrelated Parkinson's disease paper, not a blood-group reference; needs manual recovery)",https://pubmed.ncbi.nlm.nih.gov/21420691/,"FLAGGED: ref1 corrected (Danek review PMID 34910313 → 35221863); ref2 still unresolved, cited PMID does not match description",
